:020000040800F2
:1000000000500020453200087D300008853000088F
:100010008D300008953000089D3000080000000079
:100020000000000000000000000000001187000830
:10003000A530000800000000F18800083989000898
:100040008D3200088D3200088D3200088D32000894
:100050008D3200088D320008B1300008BF30000832
:100060008D3200088D3200088D3200088D32000874
:10007000CD300008E1300008F530000809310008F3
:100080008D3200088D3200088D3200088D32000854
:100090008D3200088D3200088D3200088D32000844
:1000A0008D3200088D3200088D3200088D32000834
:1000B0008D3200088D3200081D3100088D32000895
:1000C0008D3200088D3200088D3200088D32000814
:1000D0008D3200088D3200088D3200088D32000804
:1000E0008D3200088D3200088D32000800000000BB
:1000F0000000000000000000000000000000000000
:0C01000000000000000000005FF808F1A3
:1001100010B5054C237833B9044B13B10448AFF341
:1001200000800123237010BDA40000200000000007
:1001300070A2000808B5034B1BB103490348AFF395
:10014000008008BD00000000A800002070A2000888
:1001500080B483B000AF00237B601DE0134A7B684E
:10016000134400221A70124A7B6840F26A2101FB94
:1001700003F3134403F51A7300221A800C4A7B68B8
:1001800040F26A2101FB03F3134403F266230022C9
:100190001A707B6801337B607B68092BDEDD00BF52
:1001A00000BF0C37BD4680BC704700BFE41800207C
:1001B000C000002080B582B000AF00237B60234BDD
:1001C0001B680A21184605F0FDFF0346002B37D1B6
:1001D00000233B602CE01E4A3B6813441B78002B35
:1001E00023D11B4A3B68134401221A70194A3B6809
:1001F00040F26A2101FB03F3134403F51A73002252
:100200001A80144A3B6840F26A2101FB03F313444D
:1002100003F2662300221A703B6840F26A2202FB56
:1002200003F30C4A13447B6005E03B6801333B60F9
:100230003B68092BCFDD054B1B68184606F010F80C
:100240007B6818460837BD4680BD00BF3C40002093
:10025000E4180020C000002080B584B000AF7860B2
:100260007B68002B35D07B681C4A9B1A5B101C4AAC
:1002700002FB03F3FB60FB68002B2BDBFB68092B05
:1002800028DC184B1B684FF0FF31184605F09AFF29
:10029000124AFB6840F26A2101FB03F3134403F5A1
:1002A0001A7300221A800D4AFB6840F26A2101FB92
:1002B00003F3134403F2662300221A700A4AFB6810
:1002C000134400221A70074B1B68184605F0C8FF3C
:1002D00000E000BF1037BD4680BD00BFC000002059
:1002E0001D09C19B3C400020E418002080B582B06D
:1002F00000AF0023FB71124B1B680521184605F067
:1003000061FF0346002B16D100233B600BE00D4A32
:100310003B6813441B78002B02D1FB790133FB713E
:100320003B6801333B603B68092BF0DD044B1B68E5
:10033000184605F095FFFB7918460837BD4680BD85
:100340003C400020E418002080B582B000AF786007
:100350000A4A7B6813600A4808F088FE094808F0DA
:1003600085FE094808F082FE084808F07FFE05482F
:1003700008F07CFE00BF0837BD4680BDF0180020A5
:1003800088A200088CA20008C0A20008F0A2000801
:100390000EB480B58FB002AF786007F140037B6286
:1003A0007B6AFA6B9D21334808F010FFF862FB6A04
:1003B000002B01DA0023FB62FB6A9D2B01DD9D23EC
:1003C000FB62FB6A5A1CFA622A4A0D21D154FB6A6D
:1003D0005A1CFA62274A0A21D154264AFB6A13445E
:1003E00000221A7002F07CFFB862BB6A224AA2FBAC
:1003F00003239909BA6A204BA3FB02039B094FF41C
:100400007A7000FB03F3D31A07F10C007A680192AB
:1004100000930B46194A182108F030FE184B1B6850
:10042000002B17D0164B1B681B681421184605F0CB
:10043000C9FE0346002B0DD107F10C030D4A1946E6
:10044000104808F0ABFD0E4B1B681B68184605F002
:1004500007FF07E007F10C03064A1946094808F0B0
:100460009DFD00BF00BF3437BD46BDE8804003B0EE
:10047000704700BFF4180020D34D621010A300088D
:10048000F018002024A3000880B483B000AF786087
:100490007B68072B22D801A252F823F0BD04000884
:1004A000C1040008C5040008C9040008CD04000800
:1004B000D1040008D5040008D90400080A4B0EE056
:1004C0000A4B0CE00A4B0AE00A4B08E00A4B06E034
:1004D0000A4B04E00A4B02E00A4B00E00A4B1846C4
:1004E0000C37BD4680BC70472CA3000830A3000821
:1004F00040A3000850A300085CA300086CA30008F8
:100500007CA3000888A3000894A3000880B483B0EB
:1005100000AF78607B68082B26D801A252F823F040
:1005200045050008490500084D050008510500086B
:1005300055050008590500085D050008610500081B
:10054000650500080B4B10E00B4B0EE00B4B0CE06D
:100550000B4B0AE00B4B08E00B4B06E00B4B04E0A7
:100560000B4B02E00B4B00E00B4B18460C37BD4623
:1005700080BC70472CA300089CA300086CA3000853
:100580007CA30008ACA30008BCA30008D0A300080B
:10059000DCA30008ECA3000894A3000880B584B095
:1005A00002AF78607B68190E7B681B0CDAB27B683F
:1005B0001B0AD8B27B68DBB200930346034808F0FD
:1005C000EDFC00BF0837BD4680BD00BFFCA300089E
:1005D000F0B585B002AF02F083FE7860764B1B6801
:1005E000002B0AD0744B1B681B681E21184605F0AF
:1005F000E9FD0346002B40F0DA807B686F4AA2FBDE
:10060000032399097A686D4BA3FB02039B094FF4FE
:100610007A7000FB03F3D31A1A46694808F0BEFC4F
:10062000684B1B68002B01D0674900E06749684BA5
:100630001B68002B01D0644B00E0644B1A466548F0
:1006400008F0ACFC644B1B68644A126819466448A5
:1006500008F0A4FC634B1B68634A126819466348A0
:1006600008F09CFC624B1B681946624808F096FC37
:10067000614B1968614B1A68614B1B68614808F04F
:100680008DFC614B1968614B1A68614B1B686148AE
:1006900008F084FC604B1B68002B1AD05E4B1B6873
:1006A000012B01D15D4B00E05D4B19465D4808F020
:1006B00075FC5D4B1B681846FFF770FF5B4808F040
:1006C0006DFC5B4B1B681846FFF768FF594808F044
:1006D000CDFC594B1B68002B1AD0574B1B68012BC4
:1006E00001D14E4B00E04E4B1946544808F056FCE1
:1006F000534B1B681846FFF751FF4C4808F04EFC5F
:10070000504B1B681846FFF749FF4A4808F0AEFCFB
:100710004D4B19684D4B1A684D4B1B684D4808F0FE
:100720003DFC4D4B1C684C4B1B681846FFF7ACFE5C
:1007300003461A462146494808F030FC484B1C68DD
:10074000484B1D68484B1E68474B1B681846FFF70F
:10075000DDFE0346009333462A462146434808F00F
:100760001DFCFFF7C3FD03460A221946404808F066
:1007700015FC7B68114AA2FB032399097A680F4B89
:10078000A3FB02039B094FF47A7000FB03F3D31A17
:100790001A46384808F002FC074B1B68002B07D0AC
:1007A000054B1B681B68184605F05AFD00E000BFAA
:1007B0000C37BD46F0BD00BFF0180020D34D6210CD
:1007C0000CA40008644000208CA4000894A4000835
:1007D000684000209CA40008484000204C400020B5
:1007E000BCA400085040002054400020E0A40008B1
:1007F0006040002004A50008584000206C40002004
:100800007040002018A500085C40002074400020C3
:100810007840002048A500087C40002078A500080A
:100820007CA5000880A50008804000209CA5000849
:100830008440002088A2000888400020A8A5000865
:100840008C40002090400020FC1B0020001C002059
:10085000041C0020C4A50008081C002004A60008F1
:100860000C1C0020101C0020141C002024A60008D2
:1008700060A6000878A6000880B582B000AF786056
:1008800080231F228021786800F064F880231F22D3
:10089000A021786800F05EF80A231C22A021786865
:1008A00000F058F804231F228021786800F052F8E5
:1008B00000BF0837BD4680BD80B586B002AF786006
:1008C0000B46FB701346BB700023FB7397F9023095
:1008D00003F01F035AB297F9033013435BB2DBB244
:1008E000BB7300237B737B6858687B681B8900227D
:1008F000194603F0B1F97B68186807F10E0164230B
:10090000012203F0FBFE97F90230002B0ADA7B6824
:10091000186807F10F0207F10D016423009301230A
:1009200004F049F97B68186807F10F0207F10D011F
:1009300064230093012304F03EF97B6858687B68C8
:100940001B890122194603F087F9FB7B18461037F3
:10095000BD4680BD80B584B000AF786008461146C2
:100960001A460346FB700B46BB7013467B7097F923
:10097000023003F01F035AB297F9033013435BB2FE
:10098000DBB2FB737B6858687B681B8900221946C1
:1009900003F062F97B68186807F10F0164230122F4
:1009A00003F0ACFE7B681868791C6423012203F015
:1009B000A5FE7B6858687B681B890122194603F0F5
:1009C0004BF900BF1037BD4680BD80B584B000AF85
:1009D00078600B46FB70FB785B11DBB203F003031E
:1009E000FB737B689B7CFA7B9A420ED003231F2209
:1009F000A0217868FFF7AEFFFB7B1F22802178687B
:100A0000FFF7A8FF7B68FA7B9A7400BF1037BD46DA
:100A100080BD80B584B000AF78600B46FB70FB787A
:100A200019467868FFF7D1FFFB781A4600217868ED
:100A3000FFF742FF0346FB73FB7B18461037BD46AA
:100A400080BD80B582B000AF78600B46FB70134666
:100A5000BB70FB7819467868FFF7B7FFBB78FA7868
:100A600040217868FFF776FF00BF0837BD4680BD9C
:100A700080B584B000AF78600B46FB7013463B80B6
:100A8000FB781A46D4217868FFF7DBFF3B88DBB29E
:100A90001A46D6217868FFF7D4FF3B881B0A9BB221
:100AA000DBB21A46D7217868FFF7CBFF02F018FCBB
:100AB000F86006E002F014FC0246FB68D31A142B1F
:100AC00009D8EA217868FFF7A4FF034603F0010381
:100AD000002BEFD100E000BF1037BD4680BD80B5D0
:100AE00084B000AF78600B46FB70FB781A46D421C7
:100AF0007868FFF7A6FF0122D2217868FFF7A1FFEF
:100B000002F0EEFBF86006E002F0EAFB0246FB684A
:100B1000D31A0A2B09D8EA217868FFF77AFF03462F
:100B200003F00103002BEFD100E000BF0022D2212F
:100B30007868FFF786FFD8217868FFF76AFF0346D9
:100B40007B81D9217868FFF764FF03461B021AB244
:100B5000B7F90A3013431BB27B817B8918461037E3
:100B6000BD4680BD80B582B000AF78601C2178683A
:100B7000FFF74FFF034603F00103002B05D00123CD
:100B80001C22A0217868FFF7E5FE00BF0837BD46AC
:100B900080BD80B584B000AF786039607B68D8686C
:100BA0007B681B8A0022194603F056F80A2005F0DC
:100BB000DCFA7B68D8687B681B8A0122194603F03F
:100BC0004BF80A2005F0D1FA7B68FF229A747B6803
:100BD00058687B681B890022194603F03DF8FF2303
:100BE000FB727B68186807F10B016423012203F094
:100BF00085FD7B6858687B681B890122194603F0D4
:100C00002BF8012002F076FB02F06AFBF86008E0A6
:100C100002F066FB0246FB68D31A0A2B01D90023B7
:100C2000AFE01D2200217868FFF746FE034603F07F
:100C30000103002BECD07B6800225A81002208219E
:100C40007868FFF7FEFE002209217868FFF7F9FEB9
:100C5000FF220A217868FFF7F4FE19220B21786839
:100C6000FFF7EFFEFF220C217868FFF7EAFE19225A
:100C70000D217868FFF7E5FE0D22C0217868FFF7A7
:100C8000E0FE3222C2217868FFF7DBFE5622CA213D
:100C90007868FFF7D6FE0222CB217868FFF7D1FEF5
:100CA0001222C4217868FFF7CCFE1222C621786890
:100CB000FFF7C7FE0C22C7217868FFF7C2FE0F229C
:100CC000C8217868FFF7BDFE3722C9217868FFF791
:100CD000B8FE3B681B781A46E0217868FFF7B1FE42
:100CE0003B6801331B781A46E1217868FFF7A9FEBB
:100CF0003B6802331B781A46E2217868FFF7A1FEB1
:100D00003B6803331B781A46E3217868FFF799FEA6
:100D10003B6804331B781A46E4217868FFF791FE9C
:100D20003B6805331B781A46E5217868FFF789FE92
:100D3000002200217868FFF79BFE4FF4807210219B
:100D40007868FFF795FE43F27A4214217868FFF73E
:100D50008FFE202238217868FFF773FE04231F22BC
:100D600080217868FFF7F6FDFF231C22A021786818
:100D7000FFF7F0FDC0231B2280217868FFF7EAFD12
:100D8000012318461037BD4680BD000080B588B0ED
:100D900000AFF860B9601346FB80FB88002B04D0DD
:100DA000FB8840F26622934204D9A54B08221A60C0
:100DB0000023D2E102F094FAB86113E01C21F86834
:100DC000FFF727FE034603F00203002B06D102F0D3
:100DD00087FA0246BB69D31A322B03D9984B0122FA
:100DE0001A6009E01F220021F868FFF765FD03463D
:100DF00003F00803002BE1D1F868FFF73DFD002266
:100E00000221F868FFF71DFE1A220321F868FFF798
:100E100018FEFB685868FB681B890022194602F01F
:100E20001BFF7A23BB7400237B74FB68186807F1EF
:100E300012016423012203F061FCFB68186807F1CA
:100E400011016423012203F059FCFB681B681B6835
:100E50007C4A93424FD100BF7B4B1B680021184650
:100E600005F066FA0346002BF6D0FB681B68FA888B
:100E7000B968184604F048F80346002B0CD0FB680C
:100E80005868FB681B890122194602F0E5FE6C4B8D
:100E900002221A60002360E16B4B1B683221184666
:100EA00005F046FA0346002B75D0FB681B68184610
:100EB00004F0D8F9FB681B681B681A68FB681B689C
:100EC0001B6822F040021A60FB681B681B681A68E6
:100ED000FB681B681B6842F040021A60FB68586898
:100EE000FB681B890122194602F0B6FE544B03220F
:100EF0001A60002331E100BF544B1B6800211846E3
:100F000005F016FA0346002BF6D0FB681B68FA883A
:100F1000B968184603F0F8FF0346002B0CD0FB68B5
:100F20005868FB681B890122194602F095FE444B64
:100F300002221A60002310E1444B1B68322118463C
:100F400005F0F6F90346002B25D0FB681B68184610
:100F500004F088F9FB681B681B681A68FB681B684B
:100F60001B6822F040021A60FB681B681B681A6845
:100F7000FB681B681B6842F040021A60FB685868F7
:100F8000FB681B890122194602F066FE2C4B0322E6
:100F90001A600023E1E002F0A3F9B86113E002F067
:100FA0009FF90246BB69D31A0A2B0CD9FB68586813
:100FB000FB681B890122194602F04EFE204B0422D9
:100FC0001A600023C9E0FB681B681B689B6803F07C
:100FD0008003802BE3D0FB685868FB681B890122E3
:100FE000194602F039FE00220421F868FFF729FDB6
:100FF0001A220521F868FFF724FDFB8803F5D0537A
:10100000FB82FB8ADBB21A460621F868FFF719FD5E
:10101000FB8A1B0A9BB2DBB21A460721F868FFF76E
:1010200010FD08231F228021F868FFF793FC00239E
:10103000FB770023BB7785E002F052F9B8610EE040
:10104000141C0020003001402440002028400020D3
:1010500002F046F90246BB69D31A322B0AD81F2286
:101060000021F868FFF728FC034603F00803002B73
:10107000EED100E000BF1F220021F868FFF71CFC42
:10108000034603F008037B751D220021F868FFF773
:1010900013FC034603F002033B751C21F868FFF7BD
:1010A000B8FC034603F00203FB747B7D002B08D1E0
:1010B0003B7D002B05D1FB7C002B02D10123FB776C
:1010C00044E03B7D002B02D1FB7C002B08D0254B5C
:1010D0001B680133234A1360234B05221A6007E083
:1010E000224B1B680133214A13601F4B06221A60F2
:1010F000BB7F0133042B22D8F868FFF7BDFB002229
:101100000421F868FFF79DFC1A220521F868FFF713
:1011100098FCFB8ADBB21A460621F868FFF791FCBF
:10112000FB8A1B0A9BB2DBB21A460721F868FFF75D
:1011300088FC08231F228021F868FFF70BFCBB7F87
:101140000133BB77BB7F042B7FF676AFFB7F002B91
:1011500002D1F868FFF790FBFB7F18462037BD46A9
:1011600080BD00BF0C1C0020141C0020101C00209F
:1011700080B58AB000AFF860B9601346FB80F868AC
:10118000FFF7F0FC3921F868FFF743FC0346002B1A
:1011900004D1934B07221A600023B1E1FB685B89FD
:1011A000DBB21A460021F868FFF74BFCFB685B894D
:1011B0001B0A9BB2DBB21A460121F868FFF741FC1B
:1011C000FB685868FB681B890022194602F044FD41
:1011D0003A23FB76FB68186807F11B0164230122A0
:1011E00003F08CFAFB68186807F1140164230622E7
:1011F00003F0C8FB3B7D1AB27B7D1BB21B021BB206
:1012000013431BB27B84BB7D1AB2FB7D1BB21B0256
:101210001BB213431BB29BB2043BFB843B7E1AB24E
:101220007B7E1BB21B021BB213431BB23B847B8C25
:101230006C4A1360FB8C6C4A13603B8C6B4A1360E6
:10124000674B00221A607B8CB3F5D05F15D3FB6827
:101250005868FB681B890122194602F0FDFCFB68F7
:1012600000225A8140231E228021F868FFF772FB7A
:101270005B4B01221A60002342E13B8C03F08003A8
:10128000002B0DD1FB685868FB681B8901221946A9
:1012900002F0E2FC0023FB84514B02221A60FCE0C6
:1012A000FA8CFB889A420DD9FB685868FB681B8949
:1012B0000122194602F0D0FC0023FB84484B032294
:1012C0001A60EAE0FB8C40F2662293420DD9FB687B
:1012D0005868FB681B890122194602F0BDFC0023F7
:1012E000FB843F4B04221A60D7E0FB681B681B6835
:1012F0003F4A934252D100BF3E4B1B680021184623
:1013000005F016F80346002BF6D0FB681868FB8C36
:10131000BA68394903F0AAFE0346002B0DD0FB68DA
:101320005868FB681B890122194602F095FC0023CE
:10133000FB842B4B05221A60AFE02E4B1B68322139
:10134000184604F0F5FF0346002B00F08980FB6887
:101350001B68184603F086FFFB681B681B681A6849
:10136000FB681B681B6822F040021A60FB681B6860
:101370001B681A68FB681B681B6842F040021A6011
:10138000FB685868FB681B890122194602F064FC5F
:101390000023FB84124B06221A607EE000BF174B2D
:1013A0001B680021184604F0C3FF0346002BF6D04B
:1013B000FB681868FB8CBA680F4903F057FE0346B8
:1013C000002B1DD0FB685868FB681B890122194659
:1013D00002F042FC0023FB84014B05221A605CE012
:1013E000081C0020FC1B0020001C0020041C002006
:1013F00000300140244000209419002028400020A3
:10140000414B1B683221184604F092FF0346002B23
:1014100026D0FB681B68184603F024FFFB681B6896
:101420001B681A68FB681B681B6822F040021A6080
:10143000FB681B681B681A68FB681B681B6842F026
:1014400040021A60FB685868FB681B890122194634
:1014500002F002FC0023FB842C4B06221A601CE0E5
:1014600001F03EFFF86106E001F03AFF0246FB6939
:10147000D31A0A2B08D8FB681B681B689B6803F00B
:101480008003802BF0D000E000BFFB685868FB6849
:101490001B890122194602F0DFFBFB687A8C5A8116
:1014A0007B8C002B03D07B8C013B9BB201E041F68F
:1014B000FF13BB84BB8C03F00103002B09D1BB8C51
:1014C000002B03D0BB8C013B9BB201E041F6FF1324
:1014D000BB84BB8CDBB21A460C21F868FFF7B1FA6B
:1014E000BB8C1B0A9BB2DBB21A460D21F868FFF7D2
:1014F000A8FA40231E228021F868FFF72BFAFB8C04
:1015000018462837BD4680BD28400020081C002012
:1015100080B586B000AF78607B685B89DBB21A4625
:1015200000217868FFF78DFA7B685B891B0A9BB204
:10153000DBB21A4601217868FFF783FA7B685868A6
:101540007B681B890022194602F086FB3A23FB7355
:101550007B68186807F10F016423012203F0CEF8BD
:101560007B68186807F110016423022203F00AFA6D
:101570003B7C1AB27B7C1BB21B021BB213431BB217
:10158000FB827B6858687B681B890122194602F040
:1015900063FB41F6FF13BB82FB8A002B03D141F6AC
:1015A000FF13BB820FE0FB8A002B07D0FB8AB3F549
:1015B000D05F03D2FB8A013BBB8204E00023FB82A5
:1015C00041F6FF13BB82BB8A03F00103002B09D154
:1015D000BB8A002B03D0BB8A013B9BB201E041F6E2
:1015E000FF13BB82BB8ADBB21A460C217868FFF777
:1015F00028FABB8A1B0A9BB2DBB21A460D21786817
:10160000FFF71FFA40231E2280217868FFF7A2F916
:101610007B68FA8A5A8100BF1837BD4680BD00003A
:1016200080B485B000AFF860B9607A60FB68064AA4
:101630001A60BB68054A1A607B6880221A6000BF86
:101640001437BD4680BC7047181C0020C81C002001
:1016500080B584B000AF0346FB800023FB60FB88AD
:10166000012B0CD1164B1B68002B17D0144B1B6899
:1016700007F10C021146184605F098FB0EE0FB88B6
:10168000022B0BD10F4B1B68002B07D00D4B1B6897
:1016900007F10C021146184605F088FBFB68012B88
:1016A0000AD1FB68002B07D0074B4FF080521A601D
:1016B000BFF34F8FBFF36F8F00BF1037BD4680BDA4
:1016C0002C4000203040002004ED00E080B584B0C4
:1016D00000AF78600023FB607B681B68194A934267
:1016E0000CD1194B1B68002B19D0174B1B6807F145
:1016F0000C021146184605F059FB10E07B681B6888
:10170000124A93420BD1124B1B68002B07D0104B8F
:101710001B6807F10C021146184605F047FBFB68F1
:10172000012B0AD1FB68002B07D00A4B4FF08052E7
:101730001A60BFF34F8FBFF36F8F00BF1037BD46E6
:1017400080BD00BF00300140244000200038004030
:101750002840002004ED00E080B584B000AF786040
:101760000023FB607B681B68194A93420CD1194B1C
:101770001B68002B19D0174B1B6807F10C02114690
:10178000184605F013FB10E07B681B68124A934271
:101790000BD1124B1B68002B07D0104B1B6807F1B5
:1017A0000C021146184605F001FBFB68012B0AD11B
:1017B000FB68002B07D00A4B4FF080521A60BFF332
:1017C0004F8FBFF36F8F00BF1037BD4680BD00BF86
:1017D0000030014024400020003800402840002014
:1017E00004ED00E080B584B000AF78600023FB60BA
:1017F000786803F037FD7B681B681A687B681B6894
:1018000022F040021A607B681B681A687B681B68BC
:1018100042F040021A607B681B68194A93420CD15F
:10182000184B1B68002B19D0164B1B6807F10C02D4
:101830001146184605F0BAFA10E07B681B68124A98
:1018400093420BD1114B1B68002B07D00F4B1B6829
:1018500007F10C021146184605F0A8FAFB68012BA7
:101860000AD1FB68002B07D0094B4FF080521A6059
:10187000BFF34F8FBFF36F8F00BF1037BD4680BDE2
:101880000030014024400020003800402840002063
:1018900004ED00E080B586B002AF78600B46FB70C7
:1018A000FEF788FCF860FB68002B0ED1344B1B68F8
:1018B0000133334A1360FB781A4632493248FEF747
:1018C00067FD7868FFF724FE56E0FB6840F2662269
:1018D00019467868FFF74CFC03467B817B893B2BDC
:1018E00004D97B8940F26622934213D9244B1B68AA
:1018F0000133234A1360FA787B8940F26621019113
:101900003C21009121492048FEF742FDF868FEF78E
:10191000A3FC31E0FB687A89A3F86822FB68FA78B7
:1019200083F86622FB78012B05D1194B1B68013324
:10193000174A136007E0FB78022B04D1154B1B6894
:101940000133144A1360144B1B68F96800221846CF
:1019500004F09AFD0346002B0ED0094B1B6801339F
:10196000074A1360FA787B890C490748FEF710FD97
:10197000F868FEF771FC00BF1037BD4680BD00BFA0
:1019800060400020F8A6000824A700082CA7000843
:10199000484000204C400020183F002060A700086D
:1019A00080B582B000AF2A492A48FEF7F1FC002337
:1019B000FB710BE0FB790133FB71FB791A46264979
:1019C0002648FEF7E5FC642004F0CFFB24492548B7
:1019D000FFF7DFF80346002BECD072212148FFF718
:1019E00018F803461A4620491A48FEF7D1FC1F4949
:1019F0001848FEF7CDFC0023FB710BE0FB790133A7
:101A0000FB71FB791A461A491448FEF7C1FC6420A1
:101A100004F0ABFB17491848FFF7BBF80346002B4F
:101A2000ECD072211448FEF7F4FF03461A4613491E
:101A30000848FEF7ADFCFEF78BFB40F266230A2256
:101A40000F490448FEF7A4FC00BF0837BD4680BD1F
:101A500090A70008A4A70008ACA7000824A70008C6
:101A60002800002000000020DCA70008FCA70008D8
:101A700010A80008300000201400002040A8000832
:101A800060A8000880B584B000AFF860B9607A60E3
:101A90007B689AB24FF0FF33B968044804F016F936
:101AA0007B6818461037BD4680BD00BF94200020DB
:101AB000B0B5CEB000AF01F0EBFBA048FEF744FCA0
:101AC00000F074F900F0A0FA00F068FA00F0D0F924
:101AD00000F004FA00F0B2F900F036FA0023C7F87B
:101AE00030310023C7F834310023C7F828310023F0
:101AF000C7F82C310023C7F820310023C7F8243160
:101B00000023C7F818310023C7F81C3107F5987374
:101B1000184604F03EFB0346894A136007F59473A8
:101B2000184604F036FB0346864A136007F59073A7
:101B3000184604F02EFB0346834A136007F58C73A6
:101B4000184604F026FB03467C4A13600023C7F8BE
:101B500010310023C7F814310023C7F808310023DF
:101B6000C7F80C310023C7F800310023C7F804314F
:101B70000023C7F8F8300023C7F8FC3007F5887356
:101B80000121184604F0A2FB0346704A136007F5D2
:101B900084730121184604F099FB03466C4A1360D4
:101BA00007F580730121184604F090FB0346694A4B
:101BB000136007F1F8030121184604F087FB034680
:101BC000654A1360654B07F1E8040FCB84E80F000A
:101BD00007F1E8030021184604F02EFC0346604A92
:101BE0001360604B07F1D8040FCB84E80F0007F1B6
:101BF000D8030021184604F01FFC03465A4A13601C
:101C00005A4B07F1C8040FCB84E80F0007F1C80353
:101C10000021184604F010FC0346554A1360554B4A
:101C200007F1AC041D460FCD0FC495E8070084E80A
:101C3000070007F1AC030021184604F04AFA0346F6
:101C40004D4A13604D4B07F190041D460FCD0FC454
:101C500095E8070084E8070007F190030021184683
:101C600004F037FA0346464A1360464B07F1740402
:101C70001D460FCD0FC495E8070084E8070007F163
:101C800074030021184604F024FA03463E4A136008
:101C90003E4B07F158041D460FCD0FC495E80700D1
:101CA00084E8070007F158030021184604F011FAF0
:101CB0000346374A1360374B07F13C041D460FCDEE
:101CC0000FC495E8070084E8070007F13C030021F2
:101CD000184604F0FEF903462F4A136007F59C737B
:101CE000A3F58C732D4A1C4615460FCD0FC495E8FD
:101CF000070084E8070007F120030021184604F0DC
:101D0000E8F90346264A136007F59C73A3F59A7316
:101D1000244A1C4615460FCD0FC495E8070084E8F9
:101D200007003B1D0021184604F0D3F903461E4A64
:101D3000136004F0C7F900BFFDE700BF404000207A
:101D400034400020384000203C4000202440002047
:101D5000284000202C400020304000208CA80008A3
:101D6000183F00209CA800087C3F0020ACA8000879
:101D7000D03F0020C8A80008DC200020F4A80008FC
:101D8000E020002020A90008942500204CA900088C
:101D9000482A002080A90008FC2E0020ACA90008D9
:101DA000B0370020D8A90008643A002080B590B070
:101DB00000AF07F1180328220021184607F0B8FAEF
:101DC0003B1D00221A605A609A60DA601A6109238A
:101DD000BB614FF48033FB6100233B620123BB6294
:101DE00001233B6302237B634FF48033BB634FF4D7
:101DF000E013FB6307F11803184601F0BBFF03462D
:101E0000002B01D000F000FF0F237B600223BB609A
:101E10000023FB604FF480633B6100237B613B1D2B
:101E20000221184602F028FA0346002B01D000F0E8
:101E3000EBFE00BF4037BD4680BD000080B500AF5F
:101E4000094B0A4A1A60084B04225A60064B40F2BA
:101E500052729A60044801F049FF0346002B01D0FA
:101E600000F0D2FE00BF80BDC81E00200030004040
:101E700080B500AF174B184A1A60164B4FF48272A8
:101E80005A60144B00229A60124B0022DA60114B08
:101E900000221A610F4B00225A610E4B4FF4007260
:101EA0009A610C4B2822DA610A4B00221A62094B14
:101EB00000225A62074B00229A62064B0A22DA621B
:101EC000044802F097FB0346002B01D000F09CFE73
:101ED00000BF80BDD41E00200030014080B500AF9F
:101EE000174B184A1A60164B4FF482725A60144B03
:101EF00000229A60124B0022DA60114B00221A6114
:101F00000F4B00225A610E4B4FF400729A610C4B3A
:101F10002022DA610A4B00221A62094B00225A621F
:101F2000074B00229A62064B0A22DA62044802F04A
:101F300061FB0346002B01D000F066FE00BF80BDB0
:101F40002C1F00200038004080B500AF114B124A12
:101F50001A60104B4FF4E1325A600E4B00229A6027
:101F60000C4B0022DA600B4B00221A61094B0C2249
:101F70005A61084B00229A61064B0022DA6105483B
:101F800003F054FE0346002B01D000F03DFE00BFDD
:101F900080BD00BF942000200038014080B582B091
:101FA00000AF184B5B69174A43F001035361154BAF
:101FB0005B6903F001037B607B68002205210C2034
:101FC00001F071FA0C2001F08AFA002206210D209E
:101FD00001F069FA0D2001F082FA002205210E209D
:101FE00001F061FA0E2001F07AFA002206210F209A
:101FF00001F059FA0F2001F072FA00BF0837BD4610
:1020000080BD00BF0010024080B588B000AF07F16E
:10201000100300221A605A609A60DA60464B9B698E
:10202000454A43F010039361434B9B6903F010034F
:10203000FB60FB68404B9B693F4A43F02003936180
:102040003D4B9B6903F02003BB60BB683A4B9B6927
:10205000394A43F004039361374B9B6903F004034F
:102060007B607B68344B9B69334A43F00803936180
:10207000314B9B6903F008033B603B6801224FF43E
:1020800000512E4801F0E8FD01221C212C4801F0EE
:10209000E3FD01224FF480512A4801F0DDFD4FF4A9
:1020A00000533B6101237B610023BB610223FB6181
:1020B00007F110031946214801F04AFC03233B6154
:1020C000214B7B610123BB6107F1100319461C48BA
:1020D00001F03EFC1C233B6101237B610023BB61BB
:1020E0000223FB6107F110031946154801F030FC8B
:1020F0004FF480533B6101237B610023BB610223CA
:10210000FB6107F1100319460E4801F021FC002283
:102110000521062001F0C7F9062001F0E0F90022B0
:102120000521072001F0BFF9072001F0D8F900BF11
:102130002037BD4680BD00BF0010024000100140A6
:1021400000080140000C01400000211080B582B061
:1021500000AF78600A2004F008F8FBE780B584B08F
:1021600000AF786002E00A2003F0FFFF2B4B1B78E2
:10217000DBB2002BF7D02A4B1B683221184604F043
:10218000D7F80023FB7322E0264B1B683221184648
:1021900004F018F80346002B1DD139212248FEF720
:1021A00038FC0346002B0CD001211F48FFF772FBBF
:1021B000FB7B0133FB731B4B1B68184604F050F884
:1021C00005E0184B1B68184604F04AF804E0FB7B56
:1021D000052BD9D900E000BFFB7B062B19D1114B91
:1021E0001B680A21184603F0EDFF0346002B10D1AF
:1021F00039210D48FEF70DFC0346002B04D0084B97
:102200001B68184604F0E2F8064B1B68184604F0F9
:1022100027F8012003F0A9FFADE700BF44400020EC
:102220002C400020344000200000002080B584B005
:1022300000AF786002E00A2003F097FF2B4B1B7879
:10224000DBB2002BF7D02A4B1B683221184604F072
:102250006FF80023FB7322E0264B1B6832211846DF
:1022600003F0B0FF0346002B1DD139212248FEF7B1
:10227000D0FB0346002B0CD002211F48FFF70AFBBE
:10228000FB7B0133FB731B4B1B68184603F0E8FF15
:1022900005E0184B1B68184603F0E2FF04E0FB7BE7
:1022A000052BD9D900E000BFFB7B062B19D1114BC0
:1022B0001B680A21184603F085FF0346002B10D146
:1022C00039210D48FEF7A5FB0346002B04D0084B2F
:1022D0001B68184604F07AF8064B1B68184603F092
:1022E000BFFF012003F041FFADE700BF44400020E5
:1022F00030400020384000201400002080B586B017
:1023000000AF786002E00A2003F02FFF214B1B781A
:10231000DBB2002BF7D0204B196807F108033222FB
:10232000184604F0F1F8BB68102BF4D1FB687B6110
:102330001A4B1B683221184603F044FF0346002B5A
:1023400024D179697B69B3F868321A461448FEF7DC
:102350001DFD0346002B05D0124B1B680133114AAB
:1023600013600EE0104B1B6801330F4A13607B694A
:10237000B3F868321A460D4B1B680D490D48FEF73D
:1023800007F8064B1B68184603F06AFF7869FDF7EB
:1023900063FFC0E7444000207C3F00203440002021
:1023A000000000205040002060400020141C00204D
:1023B000F4A9000814AA000880B590B002AF7860B4
:1023C00002E00A2003F0D1FE994B1B78DBB2002B10
:1023D000F7D0984B196807F10C033222184604F025
:1023E00093F8FB68102BF4D13B69FB62FB6A1B7B03
:1023F0001BB21B021AB2FB6A5B7B1BB213431BB2FC
:102400007B857B8D40F60602934240F0AD808A4B7F
:102410001B680133884A1360FB6A93F86632012B0C
:1024200031D1864B1B680133844A1360FB6A1B7DE4
:102430001B02FA6A527D1343814A1360FB6A1B7FB9
:102440001A06FB6A5B7F1B041A43FB6A9B7F1B0215
:102450001343FA6AD27F13437A4A1360FB6A93F8F4
:1024600026301A06FB6A93F827301B041A43FB6ACE
:1024700093F828301B021343FA6A92F82920134379
:10248000714A136035E0FB6A93F86632022B30D153
:102490006E4B1B6801336D4A1360FB6A1B7D1B0288
:1024A000FA6A527D13436A4A1360FB6A1B7F1A065D
:1024B000FB6A5B7F1B041A43FB6A9B7F1B0213436F
:1024C000FA6AD27F1343634A1360FB6A93F826309B
:1024D0001A06FB6A93F827301B041A43FB6A93F829
:1024E00028301B021343FA6A92F8292013435A4AF0
:1024F0001360FB6A93F86632012B13D1574B1B68AC
:10250000F96A3222184603F0BFFF0346002B00F0A1
:10251000E581534B1B680133514A1360F86AFDF79C
:102520009BFEDBE1FB6A93F86632022B13D14D4B25
:102530001B68F96A3222184603F0A6FF0346002BF7
:1025400000F0CC81464B1B680133454A1360F86AA2
:10255000FDF782FEC2E1424B1B680133404A136023
:10256000F86AFDF779FEB9E17B8DB3F5006F40F0B5
:10257000B580FB6A1B7D1BB21B021AB2FB6A5B7D36
:102580001BB213431BB23B85FB6ADB7D87F8273008
:10259000FB6A1B7C1BB21B021AB2FB6A5B7C1BB280
:1025A00013431BB2BB84BB8C0E33FA6AB2F86822A9
:1025B000934205DABB8C0E339AB2FB6AA3F8682209
:1025C00097F82730012B77D1274B1B680133264A18
:1025D0001360FB6A93F86632012B05D1234B1B680D
:1025E0000133224A136009E0FB6A93F86632022B3A
:1025F00004D11F4B1B6801331D4A1360FB6A93F81B
:102600006632012B36D1154B1B68F96A3222184607
:1026100003F03AFF0346002B00F06281104B1B6869
:1026200001330F4A1360F86AFDF716FE58E100BF48
:1026300044400020183F0020584000206C400020FB
:102640007C4000208040002084400020704000201A
:10265000884000208C40002090400020D03F002087
:10266000604000207C3F00205C400020744000203F
:1026700078400020FB6A93F86632022B13D1994B05
:102680001B68F96A3222184603F0FEFE0346002B4F
:1026900000F02681944B1B680133934A1360F86A5B
:1026A000FDF7DAFD1CE1904B1B6801338E4A136085
:1026B000F86AFDF7D1FD13E197F82730112B04D10B
:1026C0003B8DC3F30D03002B11D0874B1B680133E7
:1026D000854A1360F86AFDF7BFFD02E1824B1B6873
:1026E0000133814A1360F86AFDF7B6FDF9E0FB6A31
:1026F0009B7B9B00DBB203F03C0387F8233097F809
:1027000023309BB216333B84FB6AB3F868321A4617
:102710003B8CD31AB3F5007F05DCFB6AB3F8683253
:102720003A8C9A4216D3704B1B6801336E4A136081
:102730003A8CFB6AB3F868321946FB6A93F8663242
:1027400000930B4669496A48FDF722FEF86AFDF7D7
:1027500083FDC6E0FB6A1A33FB61FB6A1E33BB6173
:1027600000237B63002387F83330002387F832305F
:102770001FE097F8322013469B0013449B005D4AEC
:10278000134404221946F86906F0C2FD0346002BE3
:102790000AD197F8322013469B0013449B00554AF8
:1027A000134404337B6308E097F83230013387F831
:1027B000323097F83230012BDBD9002387F83130E3
:1027C00018E097F8312013469B0013449B00494AB8
:1027D000134404221946B86906F09AFD0346002BFB
:1027E00003D1012387F8333008E097F83130013303
:1027F00087F8313097F83130012BE2D97B6B002B11
:1028000003D097F83330002B1ED1374B1B680133B0
:10281000354A1360FB691B781946FB6901331B7845
:102820001846FB6902331B781A46FB6903331B7891
:102830000193009203460A462F492D48FDF7A8FD53
:10284000F86AFDF709FD4CE0FB6A93F86632012B4C
:1028500013D12A4B1B68F96A3222184603F014FE82
:102860000346002B3FF4B5AD1F4B1B6801331E4AD6
:102870001360F86AFDF7F0FCABE5FB6A93F866328B
:10288000022B13D1174B1B68F96A3222184603F04A
:10289000FBFD0346002B3FF49CAD134B1B6801333B
:1028A000114A1360F86AFDF7D7FC92E50E4B1B68DE
:1028B00001330D4A1360FB6A93F86632012B01D194
:1028C000022200E00122FB6AB3F868320C49084892
:1028D000FDF75EFDF86AFDF7BFFC7AE500BF78E51D
:1028E00000BF76E57C3F0020604000201CAA000865
:1028F00024A7000884AB000848AA0008D03F0020A5
:1029000070AA000880B584B000AF7860FFF748F87F
:1029100068496948FDF73CFD684B01221A704FF485
:102920000051674801F0B0F9664B1B683221184628
:1029300003F048FC0346002B4ED111216248FEF7FC
:10294000CEF80346FB81FB899B12DBB203F0010347
:102950007B735E4B1B787A7B9A420DD07B7B002B7E
:1029600001D05B4B00E05B4B1A465B495248FDF7D8
:102970000FFD564A7B7B13707B7B584A13607B7B31
:10298000002B21D1564B1B780133DAB2544B1A700D
:10299000534B1B78072B1AD952495348FDF7F8FCC3
:1029A00052494948FEF7F5F80346012B07D1504933
:1029B0004148FDF7EDFC4A4B00221A7007E04D49F3
:1029C0004D48FDF7E5FC02E0454B00221A703D4BF7
:1029D0001B68184603F044FC484B1B68322118461C
:1029E00003F0F0FB0346002B4ED111214448FEF7C3
:1029F00076F803467B817B899B12DBB203F00103EF
:102A00007B72404B1B787A7A9A420DD07B7A002BEE
:102A100001D02F4B00E02F4B1A463B492648FDF7CB
:102A2000B7FC384A7B7A13707B7A384A13607B7A1A
:102A3000002B21D1364B1B780133DAB2344B1A709C
:102A4000334B1B78072B1AD932492748FDF7A0FCD6
:102A500031492B48FEF79DF80346012B07D12F493A
:102A60001548FDF795FC2A4B00221A7007E02C4907
:102A70002148FDF78DFC02E0254B00221A701F4B08
:102A80001B68184603F0ECFB00F02AFC0246254BBD
:102A90001B68D31A41F28732934206D900F020FC1A
:102AA0000346204A1360FDF793FD4FF4FA7003F0DC
:102AB0005CFB34E790AA0008A4A70008444000206B
:102AC00000100140344000200000002036000020AB
:102AD000B8AA0008BCAA0008C4AA000864400020E4
:102AE00094400020D4AA000824A700082800002051
:102AF000FCAA00080CAB000814AA0008384000200B
:102B0000140000203700002020AB0008684000209F
:102B10009540002030AB00083000002058AB000882
:102B200068AB00089840002080B586B000AF7860A0
:102B300002E00A2003F019FB214B1B78DBB2002BCB
:102B4000F7D0204B196807F108033222184603F02A
:102B5000DBFCBB68102BF4D1FB687B611A4B1B6854
:102B60003221184603F02EFB0346002B24D179694D
:102B70007B69B3F868321A461448FEF707F9034632
:102B8000002B05D0124B1B680133114A13600EE075
:102B9000104B1B6801330F4A13607B69B3F868322E
:102BA0001A460D4B1B680D490D48FDF7F1FB064B0E
:102BB0001B68184603F054FB7869FDF74DFBC0E72E
:102BC00044400020D03F0020384000201400002066
:102BD0005440002060400020141C0020F4A900088C
:102BE00014AA000880B582B000AF78607B681B68CB
:102BF000044A934201D100F061FB00BF0837BD4693
:102C000080BD00BF0008004080B400AF72B600BFB6
:102C100000BFFDE780B584B000AF184B9B69174A31
:102C200043F001039361154B9B6903F00103BB6003
:102C3000BB68124BDB69114A43F08053D3610F4BE1
:102C4000DB6903F080537B607B6800220F216FF00B
:102C5000010000F028FC0A4B5B68FB60FB6823F076
:102C6000E063FB60FB6843F00073FB60044AFB68B1
:102C7000536000BF1037BD4680BD00BF001002404A
:102C80000000014080B58AB000AF786007F11803FA
:102C900000221A605A609A60DA607B681B68854A75
:102CA00093427ED1844B9B69834A43F48053936162
:102CB000814B9B6903F480537B617B697E4B9B69ED
:102CC0007D4A43F0040393617B4B9B6903F004034B
:102CD0003B613B69A023BB610223FB6103237B6251
:102CE00007F118031946754800F032FE4023BB6116
:102CF0000023FB6100233B6207F1180319466F486C
:102D000000F026FE6E4B6F4A1A606D4B00225A602F
:102D10006B4B00229A606A4B8022DA60684B00227B
:102D20001A61674B00225A61654B00229A61644B1D
:102D30004FF44052DA61624800F0E0FB0346002B9A
:102D400001D0FFF761FF7B685D4ADA645C4A7B680B
:102D500053625D4B5D4A1A605B4B10225A605A4BBE
:102D600000229A60584B8022DA60574B00221A6189
:102D7000554B00225A61544B00229A61524B4FF43A
:102D80000052DA61504800F0B9FB0346002B01D035
:102D9000FFF73AFF7B684C4A9A644B4A7B68536260
:102DA00084E07B681B684A4A93427FD1424BDB69CF
:102DB000414A43F48043D3613F4BDB6903F48043D2
:102DC000FB60FB683C4B9B693B4A43F00803936103
:102DD000394B9B6903F00803BB60BB684FF4204389
:102DE000BB610223FB6103237B6207F118031946D1
:102DF000384800F0ADFD4FF48043BB610023FB6118
:102E000000233B6207F118031946324800F0A0FD89
:102E1000314B324A1A60304B00225A602E4B00224E
:102E20009A602D4B8022DA602B4B00221A612A4BCC
:102E300000225A61284B00229A61274B4FF44052DE
:102E4000DA61254800F05AFB0346002B01D0FFF75A
:102E5000DBFE7B68204ADA641F4A7B685362204BA2
:102E6000204A1A601E4B10225A601D4B00229A60A5
:102E70001B4B8022DA601A4B00221A61184B002289
:102E80005A61174B00229A61154B4FF40052DA61D8
:102E9000134800F033FB0346002B01D0FFF7B4FECC
:102EA0007B680F4A9A640E4A7B68536200BF2837DA
:102EB000BD4680BD003001400010024000080140C6
:102EC000841F00201C000240C81F00203000024068
:102ED00000380040000C01400C200020440002405B
:102EE000502000205800024080B588B000AF7860C4
:102EF00007F1100300221A605A609A60DA607B685A
:102F00001B681C4A934231D11B4B9B691A4A43F4FC
:102F100080439361184B9B6903F48043FB60FB681B
:102F2000154B9B69144A43F004039361124B9B6950
:102F300003F00403BB60BB684FF400733B610223E2
:102F40007B610323FB6107F1100319460B4800F076
:102F5000FFFC4FF480633B6100237B610023BB6176
:102F600007F110031946054800F0F2FC00BF2037B6
:102F7000BD4680BD003801400010024000080140FD
:102F800080B58EB000AF78600023FB620023BB6287
:102F9000002387F83330344BDB69334A43F00403B2
:102FA000D361314BDB6903F00403FB60FB6807F17D
:102FB000100207F114031146184601F0CDFA3B6ADE
:102FC000FB62FB6A002B03D101F09EFA786304E0F8
:102FD00001F09AFA03465B007B637B6B234AA2FBFA
:102FE00003239B0C013BBB62214B224A1A60204BFE
:102FF00040F2E732DA601E4ABB6A53601C4B002283
:103000001A611B4B00229A60194B00229A611848E2
:1030100002F0CDFB034687F8333097F83330002BAE
:103020001BD1134802F01CFC034687F8333097F895
:103030003330002B11D11E2000F051FA7B680F2B8A
:1030400008D8002279681E2000F02DFA0A4A7B6811
:10305000136002E0012387F8333097F833301846C5
:103060003837BD4680BD00BF0010024083DE1B43E1
:103070009C400020000800403C00002080B400AFCD
:1030800000BFFDE780B400AF00BFFDE780B400AF34
:1030900000BFFDE780B400AF00BFFDE780B400AF24
:1030A00000BFFDE780B400AF00BFBD4680BC7047E5
:1030B00080B500AF012000F001FE00BF80BD80B5EB
:1030C00000AF022000F0FAFD00BF80BD80B500AF68
:1030D000024800F009FB00BF80BD00BF841F002034
:1030E00080B500AF024800F0FFFA00BF80BD00BF0E
:1030F000C81F002080B500AF024800F0F5FA00BFFD
:1031000080BD00BF0C20002080B500AF024800F059
:10311000EBFA00BF80BD00BF5020002080B500AF9B
:10312000024802F0EFFB00BF80BD00BF9C400020C2
:1031300080B586B000AFF860B9607A6000237B612B
:103140000AE0AFF300800146BB685A1CBA60CAB2FD
:103150001A707B6901337B617A697B689A42F0DB84
:103160007B6818461837BD4680BD80B483B000AF79
:1031700078604FF0FF3318460C37BD4680BC70476F
:1031800080B483B000AF786039603B684FF4005280
:103190005A60002318460C37BD4680BC704780B487
:1031A00083B000AF7860012318460C37BD4680BC61
:1031B000704780B485B000AFF860B9607A600023D2
:1031C00018461437BD4680BC7047000080B586B0F5
:1031D00000AF7860144A154BD31A7B617B693B6161
:1031E000134B1B68002B02D1114B124A1A60104B73
:1031F0001A687B6813443A699A4207D206F044F988
:1032000003460C221A604FF0FF3309E0084B1B689D
:10321000FB60074B1A687B681344054A1360FB6820
:1032200018461837BD4680BD00500020000400003D
:10323000E44000209047002080B400AF00BFBD46AE
:1032400080BC7047FFF7F8FF0B480C490C4A00237D
:1032500002E0D458C4500433C4188C42F9D3094A4C
:10326000094C002301E013600432A242FBD306F0B4
:1032700011F9FEF71DFC704700000020A40000209B
:1032800014AC0008A40000208C470020FEE70000DA
:1032900080B500AF084B1B68074A43F0100313606A
:1032A000032000F0F5F80F20FFF76AFEFFF7B2FCED
:1032B0000023184680BD00BF0020024080B400AF4C
:1032C000054B1B781A46054B1B681344034A1360D1
:1032D00000BFBD4680BC704740000020E840002091
:1032E00080B400AF024B1B681846BD4680BC7047D7
:1032F000E840002080B584B000AF7860FFF7F0FFB1
:10330000B8607B68FB60FB68B3F1FF3F05D00A4BF8
:103310001B781A46FB681344FB6000BFFFF7E0FF11
:103320000246BB68D31AFA689A42F7D800BF00BFBA
:103330001037BD4680BD00BF4000002080B485B07E
:1033400000AF78607B6803F00703FB600C4BDB6821
:10335000BB60BA684FF6FF031340BB60FB681A02FC
:10336000BB68134343F0BF6343F40033BB60044ABC
:10337000BB68D36000BF1437BD4680BC704700BF38
:1033800000ED00E080B400AF044BDB681B0A03F0E3
:1033900007031846BD4680BC704700BF00ED00E043
:1033A00080B483B000AF0346FB7197F90730002B60
:1033B0000BDBFB7903F01F02064997F907305B0925
:1033C000012000FA02F241F8232000BF0C37BD466D
:1033D00080BC704700E100E080B483B000AF0346DA
:1033E0003960FB7197F90730002B0ADB3B68DAB2D2
:1033F0000C4997F907301201D2B20B4483F800232D
:103400000AE03B68DAB20849FB7903F00F03043B9A
:103410001201D2B20B441A7600BF0C37BD4680BCF5
:10342000704700BF00E100E000ED00E080B489B02B
:1034300000AFF860B9607A60FB6803F00703FB61D6
:10344000FB69C3F10703042B28BF0423BB61FB699D
:103450000433062B02D9FB69033B00E000237B61A8
:103460004FF0FF32BB6902FA03F3DA43BB681A403C
:103470007B699A404FF0FF317B6901FA03F3D9432E
:103480007B680B40134318462437BD4680BC704709
:1034900080B582B000AF78607868FFF74FFF00BF5B
:1034A0000837BD4680BD80B586B000AF0346B96021
:1034B0007A60FB7300237B61FFF764FF78617A68B1
:1034C000B9687869FFF7B2FF024697F90F301146E5
:1034D0001846FFF781FF00BF1837BD4680BD80B595
:1034E00082B000AF0346FB7197F907301846FFF72B
:1034F00057FF00BF0837BD4680BD000080B485B0CF
:1035000000AF78600023FB607B68002B01D10123B2
:1035100043E07B681B681A46224B1344224AA2FBF5
:1035200003231B099A007B681A647B681F4ADA63CD
:103530007B68022283F821207B681B681B68FB6084
:10354000FB6823F47F5323F03003FB607B685A68E9
:103550007B689B681A437B68DB681A437B681B693E
:103560001A437B685B691A437B689B691A437B68D3
:10357000DB691343FA681343FB607B681B68FA68D6
:103580001A607B6800229A637B68012283F82120FD
:103590007B68002283F82020002318461437BD469C
:1035A00080BC7047F8FFFDBFCDCCCCCC0000024002
:1035B00080B586B000AFF860B9607A603B600023E8
:1035C000FB75FB6893F82030012B01D102234BE0FF
:1035D000FB68012283F82020FB6893F82130DBB2DE
:1035E000012B3AD1FB68022283F82120FB680022DC
:1035F0009A63FB681B681A68FB681B6822F001026B
:103600001A603B687A68B968F86800F073F9FB687B
:10361000DB6A002B08D0FB681B681A68FB681B6814
:1036200042F00E021A600FE0FB681B681A68FB6824
:103630001B6822F004021A60FB681B681A68FB68AA
:103640001B6842F00A021A60FB681B681A68FB6874
:103650001B6842F001021A6005E0FB68002283F853
:1036600020200223FB75FB7D18461837BD4680BD20
:1036700080B485B000AF78600023FB737B6893F85B
:103680002130DBB2022B08D07B6804229A637B686E
:10369000002283F82020012320E07B681B681A6841
:1036A0007B681B6822F00E021A607B681B681A6830
:1036B0007B681B6822F001021A607B681A6C7B68C9
:1036C000DB6B012101FA02F25A607B68012283F868
:1036D00021207B68002283F82020FB7B18461437CA
:1036E000BD4680BC7047000080B584B000AF7860F4
:1036F0007B68DB6B1B68FB607B681B681B68BB60BF
:103700007B681B6C04229A40FB681340002B4FD04F
:10371000BB6803F00403002B4AD07B681B681B685E
:1037200003F02003002B07D17B681B681A687B68B5
:103730001B6822F004021A607B681B68664A934289
:1037400029D07B681B68654A934222D07B681B683E
:10375000634A93421AD07B681B68624A934212D034
:103760007B681B68604A93420AD07B681B685F4A8B
:10377000934202D14FF480030EE04FF080630BE0E0
:103780004FF4802308E04FF4804305E04FF480635A
:1037900002E0402300E00423554A53607B68DB6A63
:1037A000002B00F094807B68DB6A786898478EE095
:1037B0007B681B6C02229A40FB681340002B56D09A
:1037C000BB6803F00203002B51D07B681B681B68A9
:1037D00003F02003002B0BD17B681B681A687B6801
:1037E0001B6822F00A021A607B68012283F82120FC
:1037F0007B681B68384A934229D07B681B68374A2C
:10380000934222D07B681B68354A93421AD07B686A
:103810001B68344A934212D07B681B68324A934239
:103820000AD07B681B68314A934202D14FF40013DF
:103830000EE04FF000730BE04FF4003308E04FF45C
:10384000005305E04FF4007302E0202300E0022360
:10385000274A53607B68002283F820207B689B6A9C
:10386000002B34D07B689B6A786898472FE07B6890
:103870001B6C08229A40FB681340002B28D0BB68C1
:1038800003F00803002B23D07B681B681A687B6851
:103890001B6822F00E021A607B681A6C7B68DB6B77
:1038A000012101FA02F25A607B6801229A637B6867
:1038B000012283F821207B68002283F820207B6886
:1038C0001B6B002B04D07B681B6B7868984700BF8C
:1038D00000BF1037BD4680BD080002401C000240FA
:1038E0003000024044000240580002406C00024098
:1038F0000000024080B485B000AFF860B9607A6023
:103900003B60FB681A6CFB68DB6B012101FA02F279
:103910005A60FB681B683A685A60FB685B68102B4A
:1039200008D1FB681B687A689A60FB681B68BA68F4
:10393000DA6007E0FB681B68BA689A60FB681B687E
:103940007A68DA6000BF1437BD4680BC704700005B
:1039500080B48BB000AF7860396000237B620023B5
:103960003B6269E101227B6A02FA03F3FB613B6877
:103970001B68FA691340BB61BA69FB699A4240F05F
:1039800058813B685B689A4A93425ED0984A93425A
:1039900075D8984A934258D0964A93426FD8964A1F
:1039A000934252D0944A934269D8944A93424CD05D
:1039B000924A934263D8924A934246D0904A9342A5
:1039C0005DD8122B2AD8122B59D801A252F823F015
:1039D0004B3A0008253A0008373A0008793A0008BF
:1039E0007F3A00087F3A00087F3A00087F3A0008D3
:1039F0007F3A00087F3A00087F3A00087F3A0008C3
:103A00007F3A00087F3A00087F3A00087F3A0008B2
:103A10007F3A00082D3A0008413A0008794A93425B
:103A200013D02CE03B68DB683B6229E03B68DB6835
:103A300004333B6224E03B68DB6808333B621FE0F1
:103A40003B68DB680C333B621AE03B689B68002BE9
:103A500002D104233B6213E03B689B68012B05D134
:103A600008233B627B68FA691A6109E008233B621C
:103A70007B68FA695A6103E000233B6200E000BF03
:103A8000BB69FF2B01D87B6801E07B6804337B6155
:103A9000BB69FF2B02D87B6A9B0002E07B6A083B74
:103AA0009B003B617B691A680F213B6901FA03F3B4
:103AB000DB431A40396A3B6901FA03F31A437B6915
:103AC0001A603B685B6803F08053002B00F0B18004
:103AD0004D4B9B694C4A43F0010393614A4B9B69F0
:103AE00003F00103BB60BB68484A7B6A9B08023352
:103AF00052F82330FB607B6A03F003039B000F2224
:103B000002FA03F3DB43FA681340FB607B68404A28
:103B1000934213D07B683F4A93420DD07B683E4A64
:103B2000934207D07B683D4A934201D1032306E0CC
:103B3000042304E0022302E0012300E000237A6A68
:103B400002F0030292009340FA681343FB602F498E
:103B50007B6A9B080233FA6841F823203B685B6864
:103B600003F48013002B06D02D4B9A682C49BB69B7
:103B700013438B6006E02A4B9A68BB69DB432849F4
:103B800013408B603B685B6803F40013002B06D086
:103B9000234BDA682249BB691343CB6006E0204B14
:103BA000DA68BB69DB431E491340CB603B685B6846
:103BB00003F40033002B06D0194B5A681849BB692F
:103BC00013434B6006E0164B5A68BB69DB4314494C
:103BD00013404B603B685B6803F48033002B21D0BB
:103BE0000F4B1A680E49BB6913430B6021E000BFFD
:103BF00000003210000031100000221000002110DF
:103C000000001210000011100010024000000140DE
:103C100000080140000C0140001001400014014068
:103C2000000401400B4B1A68BB69DB430949134090
:103C30000B607B6A01337B623B681A687B6A22FAFD
:103C400003F3002B7FF48EAE00BF00BF2C37BD46C0
:103C500080BC70470004014080B483B000AF78603E
:103C60000B467B8013467B707B78002B03D07A88D1
:103C70007B681A6103E07B881A047B681A6100BFC5
:103C80000C37BD4680BC704780B485B000AF78600B
:103C90000B467B807B68DB68FB607A88FB6813409F
:103CA0001A04FB68D9437B880B401A437B681A616E
:103CB00000BF1437BD4680BC7047000080B582B09D
:103CC00000AF0346FB80084B5A69FB881340002B6A
:103CD00006D0054AFB885361FB881846FDF7B8FCFF
:103CE00000BF0837BD4680BD0004014080B584B0E8
:103CF00000AF78607B68002B01D1012336E07B6840
:103D00001B684CF6CC421A607B681B6845F2555222
:103D10001A607B681B687A6852685A607B681B6807
:103D20007A6892689A60FFF7DBFAF86011E0FFF7B3
:103D3000D7FA0246FB68D31A41F23C32934208D9C3
:103D40007B681B68DB6803F00303002B01D00323AF
:103D50000CE07B681B68DB6803F00303002BE6D1F3
:103D60007B681B684AF6AA221A600023184610379F
:103D7000BD4680BD80B586B000AF78607B68002B03
:103D800001D1012372E27B681B6803F00103002B61
:103D900000F08780924B5B6803F00C03042B0CD07F
:103DA0008F4B5B6803F00C03082B12D18C4B5B68C4
:103DB00003F48033B3F5803F0BD1894B1B6803F4C8
:103DC0000033002B6CD07B685B68002B68D101232B
:103DD0004CE27B685B68B3F5803F06D1804B1B6883
:103DE0007F4A43F4803313602EE07B685B68002BCE
:103DF0000CD17B4B1B687A4A23F480331360784BD9
:103E00001B68774A23F4802313601DE07B685B689E
:103E1000B3F5A02F0CD1724B1B68714A43F4802379
:103E200013606F4B1B686E4A43F4803313600BE0E2
:103E30006B4B1B686A4A23F480331360684B1B6822
:103E4000674A23F4802313607B685B68002B13D0E0
:103E5000FFF746FA386108E0FFF742FA02463B698D
:103E6000D31A642B01D9032300E25D4B1B6803F4D2
:103E70000033002BF0D014E0FFF732FA386108E08D
:103E8000FFF72EFA02463B69D31A642B01D90323AC
:103E9000ECE1534B1B6803F40033002BF0D100E03E
:103EA00000BF7B681B6803F00203002B63D04C4B00
:103EB0005B6803F00C03002B0BD0494B5B6803F0ED
:103EC0000C03082B1CD1464B5B6803F48033002B9A
:103ED00016D1434B1B6803F00203002B05D07B680F
:103EE0001B69012B01D00123C0E13D4B1B6823F06E
:103EF000F8027B685B69DB00394913430B603AE0E9
:103F00007B681B69002B20D0364B01221A60FFF71B
:103F1000E7F9386108E0FFF7E3F902463B69D31A95
:103F2000022B01D90323A1E12D4B1B6803F00203EF
:103F3000002BF0D02A4B1B6823F0F8027B685B69EA
:103F4000DB00274913430B6015E0264B00221A6063
:103F5000FFF7C6F9386108E0FFF7C2F902463B698E
:103F6000D31A022B01D9032380E11D4B1B6803F0F8
:103F70000203002BF0D17B681B6803F00803002BC1
:103F80003AD07B689B69002B19D0174B01221A602D
:103F9000FFF7A6F9386108E0FFF7A2F902463B698E
:103FA000D31A022B01D9032360E10D4B5B6A03F0A6
:103FB0000203002BF0D0012000F0FEFA1CE00A4BB7
:103FC00000221A60FFF78CF938610FE0FFF788F9DB
:103FD00002463B69D31A022B08D9032346E100BFEE
:103FE000001002400000424280044242924B5B6A51
:103FF00003F00203002BE9D17B681B6803F0040384
:10400000002B00F0A6800023FB758B4BDB6903F0CF
:104010008053002B0DD1884BDB69874A43F08053D6
:10402000D361854BDB6903F08053BB60BB68012320
:10403000FB75824B1B6803F48073002B18D17F4BF8
:104040001B687E4A43F480731360FFF749F93861B7
:1040500008E0FFF745F902463B69D31A642B01D902
:10406000032303E1754B1B6803F48073002BF0D02E
:104070007B68DB68012B06D16F4B1B6A6E4A43F0ED
:10408000010313622DE07B68DB68002B0CD16A4BC7
:104090001B6A694A23F001031362674B1B6A664A75
:1040A00023F0040313621CE07B68DB68052B0CD152
:1040B000614B1B6A604A43F0040313625E4B1B6A48
:1040C0005D4A43F0010313620BE05B4B1B6A5A4AE3
:1040D00023F001031362584B1B6A574A23F0040371
:1040E00013627B68DB68002B15D0FFF7F9F83861A5
:1040F0000AE0FFF7F5F802463B69D31A41F288322D
:10410000934201D90323B1E04B4B1B6A03F0020336
:10411000002BEED014E0FFF7E3F838610AE0FFF778
:10412000DFF802463B69D31A41F28832934201D943
:1041300003239BE0404B1B6A03F00203002BEED1EC
:10414000FB7D012B05D13C4BDB693B4A23F08053BF
:10415000D3617B68DB69002B00F08780364B5B689E
:1041600003F00C03082B61D07B68DB69022B46D17E
:10417000334B00221A60FFF7B3F8386108E0FFF70D
:10418000AFF802463B69D31A022B01D903236DE035
:10419000294B1B6803F00073002BF0D17B681B6A6E
:1041A000B3F5803F08D1244B5B6823F400327B6871
:1041B0009B68214913434B601F4B5B6823F47412C7
:1041C0007B68196A7B685B6A0B431B4913434B602E
:1041D0001B4B01221A60FFF783F8386108E0FFF7F4
:1041E0007FF802463B69D31A022B01D903233DE035
:1041F000114B1B6803F00073002BF0D035E0104B1F
:1042000000221A60FFF76CF8386108E0FFF768F8E1
:1042100002463B69D31A022B01D9032326E0064B41
:104220001B6803F00073002BF0D11EE07B68DB6994
:10423000012B07D1012319E000100240007000405B
:10424000600042420B4B5B68FB60FB6803F480320A
:104250007B681B6A9A4206D1FB6803F470127B6884
:104260005B6A9A4201D0012300E000231846183708
:10427000BD4680BD0010024080B584B000AF7860BC
:1042800039607B68002B01D10123D0E06A4B1B68A9
:1042900003F007033A689A4210D9674B1B6823F072
:1042A000070265493B6813430B60634B1B6803F0CF
:1042B00007033A689A4201D00123B8E07B681B6883
:1042C00003F00203002B20D07B681B6803F004037B
:1042D000002B05D0594B5B68584A43F4E0635360A8
:1042E0007B681B6803F00803002B05D0534B5B6809
:1042F000524A43F460535360504B5B6823F0F00222
:104300007B689B684D4913434B607B681B6803F0D7
:104310000103002B40D07B685B68012B07D1474B22
:104320001B6803F40033002B15D101237FE07B6869
:104330005B68022B07D1414B1B6803F00073002B15
:1043400009D1012373E03D4B1B6803F00203002BEE
:1043500001D101236BE0394B5B6823F003027B68DA
:104360005B68364913434B60FEF7BAFFF8600AE01A
:10437000FEF7B6FF0246FB68D31A41F28832934239
:1043800001D9032353E02D4B5B6803F00C027B68DB
:104390005B689B009A42EBD1274B1B6803F0070335
:1043A0003A689A4210D2244B1B6823F00702224934
:1043B0003B6813430B60204B1B6803F007033A680C
:1043C0009A4201D0012332E07B681B6803F00403AA
:1043D000002B08D0194B5B6823F4E0627B68DB6834
:1043E000164913434B607B681B6803F00803002BDE
:1043F00009D0124B5B6823F460527B681B69DB00B9
:104400000E4913434B6000F021F802460B4B5B68EA
:104410001B0903F00F030A49CB5C22FA03F3094A94
:104420001360094B1B681846FEF7AAFD00231846C7
:104430001037BD4680BD00BF002002400010024082
:10444000ACAB0008380000203C00002080B487B0EE
:1044500000AF0023FB600023BB6000237B610023CF
:104460007B6000233B611E4B5B68FB60FB6803F0D5
:104470000C03042B02D0082B03D027E0194B3B611F
:1044800027E0FB689B0C03F00F03174AD35C7B60AB
:10449000FB6803F48033002B10D0114B5B685B0C7E
:1044A00003F00103114AD35CBB607B680D4A03FB38
:1044B00002F2BB68B2FBF3F37B6104E07B680C4A59
:1044C00002FB03F37B617B693B6102E0054B3B61CF
:1044D00000BF3B6918461C37BD4680BC704700BF13
:1044E0000010024000127A00C4AB0008D4AB0008F0
:1044F00000093D0080B400AF024B1B681846BD4662
:1045000080BC70473800002080B500AFFFF7F2FF95
:104510000246054B5B681B0A03F007030349CB5CAB
:1045200022FA03F3184680BD00100240BCAB00081D
:1045300080B500AFFFF7DEFF0246054B5B68DB0A84
:1045400003F007030349CB5C22FA03F3184680BD4E
:1045500000100240BCAB000880B483B000AF7860AC
:1045600039607B680F221A60114B5B6803F003020D
:104570007B685A600E4B5B6803F0F0027B689A60C0
:104580000B4B5B6803F4E0627B68DA60084B5B68A6
:10459000DB0803F4E0627B681A61064B1B6803F0DA
:1045A00007023B681A6000BF0C37BD4680BC7047ED
:1045B000001002400020024080B485B000AF786057
:1045C0000A4B1B680A4AA2FB03235B0A7A6802FBB8
:1045D00003F3FB6000BFFB685A1EFA60002BF9D1A1
:1045E00000BF00BF1437BD4680BC704738000020B4
:1045F000D34D621080B582B000AF78607B68002B2D
:1046000001D1012376E07B685B6A002B08D17B68CF
:104610005B68B3F5827F09D07B680022DA6105E030
:104620007B6800221A617B6800225A617B68002245
:104630009A627B6893F85130DBB2002B06D17B681D
:10464000002283F850207868FEF71CFB7B6802226A
:1046500083F851207B681B681A687B681B6822F00E
:1046600040021A607B685B6803F482727B689B6817
:1046700003F404431A437B68DB6803F400631A43C2
:104680007B681B6903F002031A437B685B6903F0D4
:1046900001031A437B689B6903F400731A437B6828
:1046A000DB6903F038031A437B681B6A03F080035D
:1046B00042EA03017B689B6A03F400527B681B6833
:1046C0000A431A607B689B691A0C7B681B6802F0BE
:1046D00004025A607B681B68DA697B681B6822F4F5
:1046E0000062DA617B6800225A657B68012283F8E8
:1046F0005120002318460837BD4680BD80B588B0DC
:1047000000AFF860B9603B601346FB80FEF7E8FD40
:10471000F861FB887B83FB6893F85130DBB2012B97
:1047200001D002232AE1BB68002B02D0FB88002BBA
:1047300001D1012322E1FB6893F85030012B01D114
:1047400002231BE1FB68012283F85020FB6803224F
:1047500083F85120FB6800225A65FB68BA681A6327
:10476000FB68FA889A86FB68FA88DA86FB6800227A
:104770009A63FB6800229A87FB680022DA87FB684D
:1047800000225A64FB6800221A64FB689B68B3F538
:10479000004F0FD1FB681B681A68FB681B6822F08A
:1047A00040021A60FB681B681A68FB681B6842F4C9
:1047B00080421A60FB681B681B6803F04003402BB3
:1047C00007D0FB681B681A68FB681B6842F0400250
:1047D0001A60FB68DB68B3F5006F52D1FB685B6859
:1047E000002B02D07B8B012B45D1FB681B6B1A88F9
:1047F000FB681B68DA60FB681B6B9A1CFB681A631A
:10480000FB68DB8E9BB2013B9AB2FB68DA8632E032
:10481000FB681B689B6803F00203022B12D1FB6844
:104820001B6B1A88FB681B68DA60FB681B6B9A1CA1
:10483000FB681A63FB68DB8E9BB2013B9AB2FB6894
:10484000DA8618E0FEF74CFD0246FB69D31A3A6897
:104850009A4203D83B68B3F1FF3F02D13B68002B7B
:1048600009D1FB68012283F85120FB68002283F8FC
:104870005020032382E0FB68DB8E9BB2002BC7D164
:1048800053E0FB685B68002B02D07B8B012B47D188
:10489000FB681A6BFB681B680C3312781A70FB6894
:1048A0001B6B5A1CFB681A63FB68DB8E9BB2013BD7
:1048B0009AB2FB68DA8633E0FB681B689B6803F0FA
:1048C0000203022B13D1FB681A6BFB681B680C33C5
:1048D00012781A70FB681B6B5A1CFB681A63FB6822
:1048E000DB8E9BB2013B9AB2FB68DA8618E0FEF7DA
:1048F000F7FC0246FB69D31A3A689A4203D83B6830
:10490000B3F1FF3F02D13B68002B09D1FB680122C4
:1049100083F85120FB68002283F8502003232DE008
:10492000FB68DB8E9BB2002BC6D1FA693968F86848
:1049300000F00CFF0346002B02D0FB6820225A65D2
:10494000FB689B68002B0AD100237B61FB681B6816
:10495000DB687B61FB681B689B687B617B69FB682C
:10496000012283F85120FB68002283F85020FB6865
:104970005B6D002B01D0012300E000231846203797
:10498000BD4680BD80B588B002AFF860B9603B60BD
:104990001346FB80FB6893F85130DBB2012B01D04A
:1049A000022304E1FB685B68B3F5827F12D1FB68E8
:1049B0009B68002B0ED1FB68042283F85120FA88F3
:1049C0003B6800931346BA68B968F86800F0F3F8DA
:1049D0000346ECE0FEF784FC7861BB68002B02D054
:1049E000FB88002B01D10123E1E0FB6893F85030F4
:1049F000012B01D10223DAE0FB68012283F8502069
:104A0000FB68042283F85120FB6800225A65FB688A
:104A1000BA689A63FB68FA889A87FB68FA88DA872B
:104A2000FB6800221A63FB6800229A86FB6800225A
:104A3000DA86FB6800221A64FB6800225A64FB686D
:104A40009B68B3F5004F0FD1FB681B681A68FB68C1
:104A50001B6822F040021A60FB681B681A68FB683A
:104A60001B6822F480421A60FB681B681B6803F015
:104A70004003402B07D0FB681B681A68FB681B6863
:104A800042F040021A60FB68DB68002B70D135E011
:104A9000FB681B689B6803F00103012B15D1FB68C1
:104AA0001B6803F10C02FB689B6B1278D2B21A7080
:104AB000FB689B6B5A1CFB689A63FB68DB8F9BB29D
:104AC000013B9AB2FB68DA8718E0FEF709FC024660
:104AD0007B69D31A3A689A4203D83B68B3F1FF3F27
:104AE00002D13B68002B09D1FB68012283F85120D9
:104AF000FB68002283F85020032358E0FB68DB8F1B
:104B00009BB2002BC4D138E0FB681B689B6803F0A4
:104B10000103012B13D1FB681B68DA68FB689B6BF0
:104B200092B21A80FB689B6B9A1CFB689A63FB68C5
:104B3000DB8F9BB2013B9AB2FB68DA8718E0FEF785
:104B4000CFFB02467B69D31A3A689A4203D83B6886
:104B5000B3F1FF3F02D13B68002B09D1FB68012272
:104B600083F85120FB68002283F8502003231EE0C5
:104B7000FB68DB8F9BB2002BC6D17A693968F86875
:104B800000F092FD0346002B02D0FB6820225A65FC
:104B9000FB68012283F85120FB68002283F8502033
:104BA000FB685B6D002B01D0012300E00023184659
:104BB0001837BD4680BD80B58AB000AFF860B960D7
:104BC0007A607B8001237B62FEF78AFB3862FB6898
:104BD00093F85130FB77FB685B68BB617B88FB8295
:104BE000FB7F012B0CD0BB69B3F5827F06D1FB683C
:104BF0009B68002B02D1FB7F042B01D002237FE1B5
:104C0000BB68002B05D07B68002B02D07B88002B73
:104C100001D1012374E1FB6893F85030012B01D1DD
:104C200002236DE1FB68012283F85020FB6893F8B2
:104C30005130DBB2042B03D0FB68052283F85120EE
:104C4000FB6800225A65FB687A689A63FB687A8879
:104C5000DA87FB687A889A87FB68BA681A63FB6808
:104C60007A88DA86FB687A889A86FB6800221A645A
:104C7000FB6800225A64FB681B681B6803F0400352
:104C8000402B07D0FB681B681A68FB681B6842F062
:104C900040021A60FB68DB68B3F5006F7ED1FB68E9
:104CA0005B68002B02D0FB8A012B6CD1FB681B6B6D
:104CB0001A88FB681B68DA60FB681B6B9A1CFB6830
:104CC0001A63FB68DB8E9BB2013B9AB2FB68DA8603
:104CD00059E0FB681B689B6803F00203022B1BD1A1
:104CE000FB68DB8E9BB2002B16D07B6A012B13D1A5
:104CF000FB681B6B1A88FB681B68DA60FB681B6B20
:104D00009A1CFB681A63FB68DB8E9BB2013B9AB26C
:104D1000FB68DA8600237B62FB681B689B6803F0F4
:104D20000103012B19D1FB68DB8F9BB2002B14D040
:104D3000FB681B68DA68FB689B6B92B21A80FB68A1
:104D40009B6B9A1CFB689A63FB68DB8F9BB2013BF1
:104D50009AB2FB68DA8701237B62FEF7C1FA02464A
:104D60003B6AD31A3A6B9A420DD83B6BB3F1FF3FC3
:104D700009D0FB68012283F85120FB68002283F8E8
:104D800050200323BCE0FB68DB8E9BB2002BA0D13C
:104D9000FB68DB8F9BB2002B9BD182E0FB685B68DA
:104DA000002B02D0FB8A012B71D1FB681A6BFB68C8
:104DB0001B680C3312781A70FB681B6B5A1CFB685B
:104DC0001A63FB68DB8E9BB2013B9AB2FB68DA8602
:104DD0005DE0FB681B689B6803F00203022B1CD19B
:104DE000FB68DB8E9BB2002B17D07B6A012B14D1A2
:104DF000FB681A6BFB681B680C3312781A70FB682F
:104E00001B6B5A1CFB681A63FB68DB8E9BB2013B71
:104E10009AB2FB68DA8600237B62FB681B689B689A
:104E200003F00103012B19D1FB68DB8F9BB2002B30
:104E300014D0FB681B68DA68FB689B6BD2B21A70EF
:104E4000FB689B6B5A1CFB689A63FB68DB8F9BB209
:104E5000013B9AB2FB68DA8701237B62FEF740FAD6
:104E600002463B6AD31A3A6B9A4203D83B6BB3F1C2
:104E7000FF3F02D13B6B002B09D1FB68012283F875
:104E80005120FB68002283F85020032338E0FB68A0
:104E9000DB8E9BB2002B9CD1FB68DB8F9BB2002B7F
:104EA00097D13A6A396BF86800F050FC0346002B42
:104EB00008D0FB6820225A65FB68002283F8502046
:104EC00001231DE0FB689B68002B0AD100233B6196
:104ED000FB681B68DB683B61FB681B689B683B6188
:104EE0003B69FB68012283F85120FB68002283F8AC
:104EF0005020FB685B6D002B01D0012300E00023F4
:104F000018462837BD4680BD80B584B000AFF86034
:104F1000B9601346FB80FB6893F85130DBB2012B7C
:104F200001D0022397E0BB68002B02D0FB88002B46
:104F300001D101238FE0FB6893F85030012B01D1A0
:104F4000022388E0FB68012283F85020FB680322DB
:104F500083F85120FB6800225A65FB68BA681A631F
:104F6000FB68FA889A86FB68FA88DA86FB68002272
:104F70009A63FB6800225A64FB6800221A64FB688B
:104F800000229A87FB680022DA87FB689B68B3F5EA
:104F9000004F0FD1FB681B681A68FB681B6822F082
:104FA00040021A60FB681B681A68FB681B6842F4C1
:104FB00080421A60FB689B6C294ADA62FB689B6C32
:104FC000284A9A62FB689B6C274A1A63FB689B6CB1
:104FD00000225A63FB68986CFB681B6B1946FB68E0
:104FE0001B680C331A46FB68DB8E9BB2FEF7E0FAB7
:104FF0000346002B0BD0FB685B6D43F01002FB688F
:105000005A65FB68002283F85020012323E0FB68E7
:105010001B681B6803F04003402B07D0FB681B682C
:105020001A68FB681B6842F040021A60FB680022A5
:1050300083F85020FB681B685A68FB681B6842F0C5
:1050400020025A60FB681B685A68FB681B6842F0C4
:1050500002025A60002318461037BD4680BD00BFCB
:10506000055500082B5300085955000880B586B037
:1050700000AFF860B9607A607B80FB6893F85130CC
:10508000FB75FB685B683B61FB7D012B0CD03B69CA
:10509000B3F5827F06D1FB689B68002B02D1FB7DB4
:1050A000042B01D00223CFE0BB68002B05D07B6826
:1050B000002B02D07B88002B01D10123C4E0FB68C8
:1050C00093F85030012B01D10223BDE0FB6801228F
:1050D00083F85020FB6893F85130DBB2042B03D0E7
:1050E000FB68052283F85120FB6800225A65FB68A3
:1050F000BA681A63FB687A889A86FB687A88DA86C7
:10510000FB687A689A63FB687A889A87FB687A8872
:10511000DA87FB6800221A64FB6800225A64FB6885
:1051200093F85130DBB2042B08D1FB68DB6C484AA2
:10513000DA62FB68DB6C474A9A6207E0FB68DB6C6B
:10514000454ADA62FB68DB6C444A9A62FB68DB6CB6
:10515000434A1A63FB68DB6C00225A63FB68D86C15
:10516000FB681B680C331946FB689B6B1A46FB688F
:10517000DB8F9BB2FEF71CFA0346002B0BD0FB68BB
:105180005B6D43F01002FB685A65FB68002283F8F0
:105190005020012358E0FB681B685A68FB681B68B5
:1051A00042F001025A60FB689B6C0022DA62FB68E5
:1051B0009B6C00229A62FB689B6C00221A63FB685E
:1051C0009B6C00225A63FB68986CFB681B6B19464A
:1051D000FB681B680C331A46FB68DB8E9BB2FEF73C
:1051E000E7F90346002B0BD0FB685B6D43F0100220
:1051F000FB685A65FB68002283F85020012323E0F6
:10520000FB681B681B6803F04003402B07D0FB685A
:105210001B681A68FB681B6842F040021A60FB6852
:10522000002283F85020FB681B685A68FB681B68E3
:1052300042F020025A60FB681B685A68FB681B68D2
:1052400042F002025A60002318461837BD4680BD5E
:1052500021550008D15300083D5500087754000837
:105260005955000880B584B000AF78600023FB7307
:105270007B689B6C002B0FD07B689B6C1846FEF7FD
:10528000F7F90346002B07D07B685B6D43F01002F3
:105290007B685A650123FB737B68DB6C002B0FD0A6
:1052A0007B68DB6C1846FEF7E3F90346002B07D05A
:1052B0007B685B6D43F010027B685A650123FB73CA
:1052C0007B681B685A687B681B6822F003025A607F
:1052D0007B68012283F85120FB7B18461037BD46BE
:1052E00080BD80B483B000AF786000BF0C37BD468E
:1052F00080BC704780B483B000AF786000BF0C37CB
:10530000BD4680BC704780B483B000AF786000BFFA
:105310000C37BD4680BC704780B483B000AF786066
:1053200000BF0C37BD4680BC704780B586B000AF6B
:1053300078607B685B6A7B61FDF7D2FF38617B68D0
:105340001B681B6803F02003202B3BD07B691B6884
:105350005A687B691B6822F020025A607B691B68CF
:105360005A687B691B6822F002025A603A6964211C
:10537000786900F0EBF90346002B05D07B695B6D83
:1053800043F020027B695A657B699B68002B0AD138
:105390000023FB607B691B68DB68FB607B691B6823
:1053A0009B68FB60FB687B690022DA867B690122CF
:1053B00083F851207B695B6D002B03D07869FCF783
:1053C00011FA02E07869FCF7C7F91837BD4680BDCD
:1053D00080B584B000AF78607B685B6AFB60FDF7E6
:1053E0007FFFB8607B681B681B6803F02003202BDD
:1053F0003BD0FB681B685A68FB681B6822F02002E0
:105400005A60FB689B68002B0DD1FB685B68B3F5A5
:10541000827F08D1FB681B685A68FB681B6822F012
:1054200003025A6007E0FB681B685A68FB681B6848
:1054300022F001025A60BA686421F86800F034F979
:105440000346002B02D0FB6820225A65FB6800222D
:10545000DA87FB68012283F85120FB685B6D002B23
:1054600003D0F868FCF7BEF902E0F868FFF739FFEF
:105470001037BD4680BD80B584B000AF78607B68D2
:105480005B6AFB60FDF72CFFB8607B681B681B68DC
:1054900003F02003202B2FD0FB681B685A68FB68A1
:1054A0001B6822F020025A60BA686421F86800F094
:1054B0004DF90346002B05D0FB685B6D43F02002DD
:1054C000FB685A65FB681B685A68FB681B6822F01A
:1054D00003025A60FB680022DA86FB680022DA8742
:1054E000FB68012283F85120FB685B6D002B03D021
:1054F000F868FCF777F902E0F868FCF7E7F810378E
:10550000BD4680BD80B584B000AF78607B685B6AC3
:10551000FB60F868FFF7EEFE00BF1037BD4680BDA8
:1055200080B584B000AF78607B685B6AFB60F86828
:10553000FFF7E9FE00BF1037BD4680BD80B584B0DF
:1055400000AF78607B685B6AFB60F868FFF7E4FE99
:1055500000BF1037BD4680BD80B584B000AF786015
:105560007B685B6AFB60FB681B685A68FB681B68AA
:1055700022F003025A60FB685B6D43F01002FB6887
:105580005A65FB68012283F85120F868FCF72AF974
:1055900000BF1037BD4680BD80B588B000AFF86051
:1055A000B9603B601346FB71FDF79AFE0246BB6A89
:1055B0009B1A3A681344FB61FDF792FEB861394BC0
:1055C0001B685B011B0DFA6902FB03F37B6154E06E
:1055D0003B68B3F1FF3F50D0FDF782FE0246BB6946
:1055E000D31AFA699A4202D9FB69002B3DD1FB68B4
:1055F0001B685A68FB681B6822F0E0025A60FB686F
:105600005B68B3F5827F11D1FB689B68B3F5004FEF
:1056100004D0FB689B68B3F5806F07D1FB681B68FB
:105620001A68FB681B6822F040021A60FB689B6ADC
:10563000B3F5005F0FD1FB681B681A68FB681B6835
:1056400022F400521A60FB681B681A68FB681B682A
:1056500042F400521A60FB68012283F85120FB6873
:10566000002283F85020032317E07B69002B01D12F
:105670000023FB617B69013B7B61FB681B689A68C7
:10568000BB681340BA689A420CBF01230023DBB207
:105690001A46FB799A429BD1002318462037BD4613
:1056A00080BD00BF3800002080B586B002AFF86032
:1056B000B9607A60FB685B68B3F5827F11D1FB68E3
:1056C0009B68B3F5004F04D0FB689B68B3F5806F0F
:1056D00007D1FB681B681A68FB681B6822F0400250
:1056E0001A60FB685B68B3F5827F17D1FB689B6823
:1056F000B3F5806F12D17B680093BB680022012153
:10570000F868FFF749FF0346002B1AD0FB685B6D72
:1057100043F02002FB685A65032313E07B68009383
:10572000BB6800228021F868FFF736FF0346002B94
:1057300007D0FB685B6D43F02002FB685A650323CA
:1057400000E0002318461037BD4680BD80B586B006
:1057500002AFF860B9607A607B680093BB68012291
:105760000221F868FFF718FF0346002B07D0FB68FB
:105770005B6D43F02002FB685A65032313E07B68EE
:105780000093BB6800228021F868FFF705FF0346FD
:10579000002B07D0FB685B6D43F02002FB685A6565
:1057A000032300E0002318461037BD4680BD80B5B6
:1057B00082B000AF78607B68002B01D1012341E00B
:1057C0007B6893F83D30DBB2002B06D17B6800226A
:1057D00083F83C20786800F039F87B68022283F86F
:1057E0003D207B681A687B6804331946104600F038
:1057F0009DF97B68012283F846207B68012283F8AB
:105800003E207B68012283F83F207B68012283F8D9
:1058100040207B68012283F841207B68012283F8C5
:1058200042207B68012283F843207B68012283F8B1
:1058300044207B68012283F845207B68012283F89D
:105840003D20002318460837BD4680BD80B483B094
:1058500000AF786000BF0C37BD4680BC70470000C9
:1058600080B485B000AF78607B6893F83D30DBB2E0
:10587000012B01D001233AE07B68022283F83D200E
:105880007B681B68DA687B681B6842F00102DA609B
:105890007B681B68184A93420ED07B681B68B3F183
:1058A000804F09D07B681B68144A934204D07B6800
:1058B0001B68134A934211D17B681B689B6803F0F5
:1058C0000703FB60FB68062B10D07B681B681A6817
:1058D0007B681B6842F001021A6007E07B681B6866
:1058E0001A687B681B6842F001021A6000231846A0
:1058F0001437BD4680BC7047002C014000040040B6
:105900000008004080B584B000AF78607B681B68F9
:10591000DB68FB607B681B681B69BB60BB6803F0CE
:105920000203002B20D0FB6803F00203002B1BD0E6
:105930007B681B686FF002021A617B6801221A778C
:105940007B681B689B6903F00303002B03D0786816
:1059500000F0D1F805E0786800F0C4F8786800F04D
:10596000D3F87B6800221A77BB6803F00403002B8E
:1059700020D0FB6803F00403002B1BD07B681B685E
:105980006FF004021A617B6802221A777B681B6839
:105990009B6903F44073002B03D0786800F0ABF8E8
:1059A00005E0786800F09EF8786800F0ADF87B6854
:1059B00000221A77BB6803F00803002B20D0FB6895
:1059C00003F00803002B1BD07B681B686FF00802F4
:1059D0001A617B6804221A777B681B68DB6903F015
:1059E0000303002B03D0786800F085F805E07868A1
:1059F00000F078F8786800F087F87B6800221A7762
:105A0000BB6803F01003002B20D0FB6803F01003E9
:105A1000002B1BD07B681B686FF010021A617B683B
:105A200008221A777B681B68DB6903F44073002B3C
:105A300003D0786800F05FF805E0786800F052F86D
:105A4000786800F061F87B6800221A77BB6803F081
:105A50000103002B0CD0FB6803F00103002B07D0DF
:105A60007B681B686FF001021A617868FDF7BAF86D
:105A7000BB6803F08003002B0CD0FB6803F08003AD
:105A8000002B07D07B681B686FF080021A61786872
:105A900000F0C3F8BB6803F04003002B0CD0FB6898
:105AA00003F04003002B07D07B681B686FF04002B7
:105AB0001A61786800F031F8BB6803F02003002B0E
:105AC0000CD0FB6803F02003002B07D07B681B6819
:105AD0006FF020021A61786800F096F800BF103766
:105AE000BD4680BD80B483B000AF786000BF0C3786
:105AF000BD4680BC704780B483B000AF786000BF03
:105B00000C37BD4680BC704780B483B000AF78606E
:105B100000BF0C37BD4680BC704780B483B000AF77
:105B2000786000BF0C37BD4680BC704780B485B03C
:105B300000AF786039607B681B68FB607B682F4A28
:105B400093420BD07B68B3F1804F07D07B682C4A1F
:105B5000934203D07B682B4A934208D1FB6823F021
:105B60007003FB603B685B68FA681343FB607B680B
:105B7000224A93420BD07B68B3F1804F07D07B68F9
:105B80001F4A934203D07B681E4A934208D1FB68A8
:105B900023F44073FB603B68DB68FA681343FB60E7
:105BA000FB6823F080023B685B691343FB607B6802
:105BB000FA681A603B689A687B68DA623B681A6820
:105BC0007B689A627B680D4A934203D13B681A69ED
:105BD0007B681A637B6801225A617B681B6903F04A
:105BE0000103002B05D07B681B6923F001027B6851
:105BF0001A6100BF1437BD4680BC7047002C0140BD
:105C0000000400400008004080B483B000AF78601A
:105C100000BF0C37BD4680BC704780B483B000AF76
:105C2000786000BF0C37BD4680BC704780B582B03D
:105C300000AF78607B68002B01D1012342E07B68D4
:105C400093F84130DBB2002B06D17B68002283F849
:105C500040207868FDF748F97B68242283F84120CA
:105C60007B681B68DA687B681B6822F40052DA6084
:105C7000786800F071F97B681B681A697B681B689B
:105C800022F490421A617B681B685A697B681B6822
:105C900022F02A025A617B681B68DA687B681B68FD
:105CA00042F40052DA607B6800225A647B6820224A
:105CB00083F841207B68202283F842207B68002201
:105CC0005A63002318460837BD4680BD80B58AB0A8
:105CD00002AFF860B9603B601346FB8000237B6134
:105CE000FB6893F84130DBB2202B75D1BB68002BE9
:105CF00002D0FB88002B01D101236EE0FB6800225B
:105D00005A64FB68212283F84120FDF7E9FA7861A3
:105D1000FB68FA889A84FB68FA88DA84FB689B68D7
:105D2000B3F5805F08D1FB681B69002B04D1002309
:105D3000FB61BB68BB6103E0BB68FB610023BB6127
:105D40002EE03B6800937B6900228021F86800F018
:105D500048F80346002B05D0FB68202283F8412039
:105D600003233AE0FB69002B0BD1BB691B881A4661
:105D7000FB681B68C2F308025A60BB690233BB614F
:105D800007E0FB691A78FB681B685A60FB690133FE
:105D9000FB61FB68DB8C9BB2013B9AB2FB68DA8447
:105DA000FB68DB8C9BB2002BCBD13B6800937B69FB
:105DB00000224021F86800F014F80346002B05D0BB
:105DC000FB68202283F84120032306E0FB682022A1
:105DD00083F84120002300E0022318462037BD4607
:105DE00080BD80B586B000AFF860B9603B601346F7
:105DF000FB713BE03B6AB3F1FF3F37D0FDF770FA30
:105E000002463B68D31A3A6A9A4202D33B6A002B95
:105E100001D103233AE0FB681B68DB6803F004034D
:105E2000002B23D0BB68802B20D0BB68402B1DD01B
:105E3000FB681B681B6803F00803082B16D10023BE
:105E40007B61FB681B681B687B61FB681B685B6888
:105E50007B617B69F86800F01DF8FB6808225A64D2
:105E6000FB68002283F8402001230FE0FB681B68D9
:105E70001A68BB681340BA689A420CBF012300231A
:105E8000DBB21A46FB799A42B4D000231846183781
:105E9000BD4680BD80B495B000AF78607B681B685C
:105EA0000C337B637B6B53E8003F3B633B6B23F41A
:105EB0009073FB647B681B680C33FA6C3A64FB6379
:105EC000F96B3A6C41E80023BB63BB6B002BE5D157
:105ED0007B681B6814333B623B6A53E8003FFB61FD
:105EE000FB6923F00103BB647B681B681433BA6C45
:105EF000FA62BB62B96AFA6A41E800237B627B6A94
:105F0000002BE5D17B681B6B012B19D17B681B68CB
:105F10000C33FB60FB6853E8003FBB60BB6823F0B9
:105F200010037B647B681B680C337A6CBA617B61FD
:105F30007969BA6941E800233B613B69002BE5D1EF
:105F40007B68202283F842207B6800221A6300BF0E
:105F50005437BD4680BC704780B584B000AF7860D0
:105F60007B681B681B6923F440517B68DA687B6897
:105F70001B680A431A617B689A687B681B691A432D
:105F80007B685B691343BB607B681B68DB6823F439
:105F9000B05323F00C037A681268B9680B43D360DE
:105FA0007B681B685B6923F440717B689A697B6836
:105FB0001B680A435A617B681B682C4A934203D1D1
:105FC000FEF7B6FAF86002E0FEF79EFAF860FA68AB
:105FD00013469B0013449A001A447B685B689B003D
:105FE000B2FBF3F3224AA2FB03235B091901FA680F
:105FF00013469B0013449A001A447B685B689B001D
:10600000B2FBF3F21A4BA3FB02035B09642000FB13
:1060100003F3D31A1B013233154AA2FB03235B0996
:1060200003F0F0031944FA6813469B0013449A00E6
:106030001A447B685B689B00B2FBF3F20C4BA3FB3A
:1060400002035B09642000FB03F3D31A1B01323304
:10605000074AA2FB03235B0903F00F027B681B685E
:106060000A449A6000BF1037BD4680BD0038014029
:106070001F85EB5180B485B000AF0346FB80002341
:10608000FB60B7F90630842B05D0B7F90620FB6812
:1060900013440333FB60FB6818461437BD4680BCCD
:1060A000704780B483B000AFEFF305837B607B68FB
:1060B000002B14BF01230023DBB218460C37BD466A
:1060C00080BC704780B500AF01F080FC002318460B
:1060D00080BDF0B589B004AF786039607B685B69DA
:1060E000002B20D07B689B69002B1CD07B685C68F0
:1060F0007B681D687B681E697B68B3F908301846A9
:10610000FFF7B8FF01467B685B697A689269029283
:10611000019300913B6832462946204601F071FA0E
:106120000346FB601CE07B685C687B681D687B68DD
:106130001B699EB27B68B3F908301846FFF79AFFD7
:10614000024607F10C03019300923B683246294650
:10615000204601F0B6FA0346012B01D0002300E0EF
:10616000FB6818461437BD46F0BD80B584B000AF5B
:1061700078607B68FB60FB68002B01D0FB6800E067
:106180000123184601F0ECFB002318461037BD46EA
:1061900080BD80B582B000AF78607B685B68002B03
:1061A00007D07B685B681946012000F044FC034679
:1061B00003E0012000F027FC034618460837BD46DF
:1061C00080BD000080B584B000AF786039600023E6
:1061D000BB607B68002B01D180233AE00023FB6089
:1061E0003B68B3F1FF3F03D14FF0FF33FB6009E0A1
:1061F0003B68002B06D03B68FB60FB68002B01D19D
:106200000123FB60FFF74DFF0346002B17D007F17A
:1062100008031A460021786801F04AF80346012B6A
:1062200001D0FF2315E0BB68002B11D00B4B4FF0C2
:1062300080521A60BFF34F8FBFF36F8F08E0F96889
:10624000786800F025FF0346012B01D0FF2300E012
:10625000002318461037BD4680BD00BF04ED00E0A6
:1062600080B584B000AF78600023FB600023BB6082
:10627000FFF717FF0346002B16D007F10803194656
:10628000786800F093FD0346012B01D0FF2317E04F
:10629000BB68002B13D00C4B4FF080521A60BFF339
:1062A0004F8FBFF36F8F0AE0002300220021786830
:1062B00000F0DCFB0346012B01D0FF23FB60FB68F1
:1062C00018461037BD4680BD04ED00E080B586B0AD
:1062D00002AF786039607B685B68002B0FD03B6849
:1062E000012B0AD17B685B68032200920022002107
:1062F000012000F097FA034616E0002314E03B6803
:10630000012B10D103220021012000F008FBF860CE
:10631000FB68002B05D0002300220021F86800F064
:10632000A5FBFB6800E0002318461037BD4680BD82
:1063300080B584B000AF786039600023BB607B68B3
:10634000002B01D180233AE00023FB603B68B3F1CE
:10635000FF3F03D14FF0FF33FB6009E03B68002BA8
:1063600006D03B68FB60FB68002B01D10123FB607A
:10637000FFF797FE0346002B17D007F108031A46D4
:106380000021786800F094FF0346012B01D0FF2321
:1063900015E0BB68002B11D00B4B4FF080521A60F8
:1063A000BFF34F8FBFF36F8F08E0F968786800F094
:1063B0006FFE0346012B01D0FF2300E000231846A7
:1063C0001037BD4680BD00BF04ED00E080B584B04D
:1063D00000AF78600023FB600023BB60FFF761FE25
:1063E0000346002B16D007F108031946786800F021
:1063F000DDFC0346012B01D0FF2317E0BB68002B17
:1064000013D00C4B4FF080521A60BFF34F8FBFF385
:106410006F8F0AE0002300220021786800F026FB3D
:106420000346012B01D0FF23FB60FB6818461037A1
:10643000BD4680BD04ED00E090B585B002AF786048
:1064400039607B689B68002B11D07B68DB68002B70
:106450000DD07B6818687B6859687B689A687B6890
:10646000DB680024009400F0DDF9034608E07B6857
:1064700018687B685B680022194600F050FA0346F2
:1064800018460C37BD4690BD80B586B000AFF860A9
:10649000B9607A6000233B617B687B617B69002B7C
:1064A00001D101237B61FFF7FCFD0346002B18D0CF
:1064B00007F1100207F108010023F86800F0D8FB8B
:1064C0000346012B01D0FF2318E03B69002B14D0B9
:1064D0000C4B4FF080521A60BFF34F8FBFF36F8F9A
:1064E0000BE007F1080100237A69F86800F0BEFAB2
:1064F0000346012B01D0FF2300E000231846183784
:10650000BD4680BD04ED00E090B58BB000AFF860F3
:10651000B9607A60BB68FB610023BB61BB68002B7C
:106520000AD180237B61FB681C4607F1140393E8C2
:10653000070084E8070054E000233B6200237B62ED
:106540007B68B3F1FF3F03D14FF0FF337B6209E07B
:106550007B68002B06D07B687B627B6A002B01D1B5
:1065600001237B62FFF79DFD0346002B1CD007F142
:10657000200207F1140304331946B86800F098FEAE
:106580000346012B02D110237B6101E000237B61D4
:106590003B6A002B1DD0154B4FF080521A60BFF3A1
:1065A0004F8FBFF36F8F14E007F1140304337A6A3F
:1065B0001946B86800F08AFC0346012B02D110236B
:1065C0007B6106E07B6A002B01D1002300E04023C1
:1065D0007B61FB681C4607F1140393E8070084E81D
:1065E0000700F8682C37BD4690BD00BF04ED00E001
:1065F00080B483B000AF78607B6803F108027B68E9
:106600005A607B684FF0FF329A607B6803F10802A2
:106610007B68DA607B6803F108027B681A617B683B
:1066200000221A6000BF0C37BD4680BC704780B4A2
:1066300083B000AF78607B6800221A6100BF0C371E
:10664000BD4680BC704780B485B000AF78603960CB
:106650007B685B68FB603B68FA685A60FB689A6815
:106660003B689A60FB689B683A685A60FB683A68C6
:106670009A603B687A681A617B681B685A1C7B6861
:106680001A6000BF1437BD4680BC704780B485B027
:1066900000AF786039603B681B68BB60BB68B3F1D2
:1066A000FF3F03D17B681B69FB600CE07B6808330C
:1066B000FB6002E0FB685B68FB60FB685B681B6873
:1066C000BA689A42F6D2FB685A683B685A603B68DF
:1066D0005B683A689A603B68FA689A60FB683A6857
:1066E0005A603B687A681A617B681B685A1C7B6831
:1066F0001A6000BF1437BD4680BC704780B485B0B7
:1067000000AF78607B681B69FB607B685B687A68B8
:1067100092689A607B689B687A6852685A60FB68E6
:106720005B687A689A4203D17B689A68FB685A6012
:106730007B6800221A61FB681B685A1EFB681A609E
:10674000FB681B6818461437BD4680BC70470000C4
:1067500080B584B000AF786039607B68FB60FB680F
:10676000002B0BD14FF0500383F31188BFF36F8FD1
:10677000BFF34F8FBB6000BF00BFFDE702F05EF8C4
:10678000FB681A68FB68DB6BF968096C01FB03F3B3
:106790001A44FB689A60FB6800229A63FB681A68D7
:1067A000FB685A60FB681A68FB68DB6B013BF968A1
:1067B000096C01FB03F31A44FB68DA60FB68FF22F3
:1067C00083F84420FB68FF2283F845203B68002BB8
:1067D00014D1FB681B69002B1AD0FB6810331846D4
:1067E00001F04CFB0346002B12D00D4B4FF08052B2
:1067F0001A60BFF34F8FBFF36F8F09E0FB68103350
:106800001846FFF7F5FEFB6824331846FFF7F0FE45
:1068100002F044F8012318461037BD4680BD00BF82
:1068200004ED00E080B58EB002AFF860B9607A6028
:106830003B60FB68002B0BD14FF0500383F31188B2
:10684000BFF36F8FBFF34F8FBB6200BF00BFFDE789
:106850003B68002B0BD14FF0500383F31188BFF33B
:106860006F8FBFF34F8F7B6200BF00BFFDE77B6878
:10687000002B02D0BB68002B01D0012300E00023D5
:10688000002B0BD14FF0500383F31188BFF36F8FB0
:10689000BFF34F8F3B6200BF00BFFDE77B68002B5B
:1068A00002D1BB68002B01D1012300E00023002BA3
:1068B0000BD14FF0500383F31188BFF36F8FBFF3F9
:1068C0004F8FFB6100BF00BFFDE748237B617B6901
:1068D000482B0BD04FF0500383F31188BFF36F8F19
:1068E000BFF34F8FBB6100BF00BFFDE77B693B6813
:1068F000FB62FB6A002B0DD0FB6A012283F8462065
:1069000097F83820FB6A009313467A68B968F868EC
:1069100000F040F8FB6A18463037BD4680BD80B5B0
:106920008AB002AFF860B9601346FB71FB68002BB8
:106930000BD14FF0500383F31188BFF36F8FBFF378
:106940004F8F3B6100BF00BFFDE7FB68BA6802FBE9
:1069500003F3FB61FB694833184602F071F8B86134
:10696000BB69002B11D0BB697B617B6948337B61BC
:10697000BB69002283F84620FA79BB69009313466D
:106980007A69B968F86800F005F8BB6918462037DD
:10699000BD4680BD80B584B000AFF860B9607A6054
:1069A000FB70BB68002B03D1BB69BA691A6002E0B7
:1069B000BB697A681A60BB69FA68DA63BB69BA684E
:1069C0001A640121B869FFF7C3FE00BF1037BD4646
:1069D00080BD80B582B000AF78607B68002B0ED0A0
:1069E0007B6800229A607B6800221A607B68002224
:1069F000DA60002300220021786800F037F800BF39
:106A00000837BD4680BD80B586B000AF0346FB7138
:106A100001237B6100233B61FB791A463969786960
:106A2000FFF77DFFF860F868FFF7D3FFFB681846B3
:106A30001837BD4680BD80B588B002AF03463960C7
:106A4000FB7101237B6100233B61FB7900933B6871
:106A5000002239697869FFF7E5FEF860F868FFF70A
:106A6000B8FFFB6818461837BD4680BD80B58EB0AC
:106A700000AFF860B9607A603B6000237B63FB681D
:106A80003B633B6B002B0BD14FF0500383F311881A
:106A9000BFF36F8FBFF34F8FBB6200BF00BFFDE737
:106AA000BB68002B03D13B6B1B6C002B01D1012376
:106AB00000E00023002B0BD14FF0500383F311882B
:106AC000BFF36F8FBFF34F8F7B6200BF00BFFDE747
:106AD0003B68022B03D13B6BDB6B012B01D1012304
:106AE00000E00023002B0BD14FF0500383F31188FB
:106AF000BFF36F8FBFF34F8F3B6200BF00BFFDE757
:106B000001F082FB0346002B02D17B68002B01D1F0
:106B1000012300E00023002B0BD14FF0500383F33F
:106B20001188BFF36F8FBFF34F8FFB6100BF00BFB2
:106B3000FDE701F083FE3B6B9A6B3B6BDB6B9A428C
:106B400002D33B68022B29D13A68B968386B00F050
:106B500048FCF8623B6B5B6A002B10D03B6B243324
:106B6000184601F08BF90346002B13D03F4B4FF032
:106B700080521A60BFF34F8FBFF36F8F0AE0FB6A3A
:106B8000002B07D0394B4FF080521A60BFF34F8F64
:106B9000BFF36F8F01F082FE012363E07B68002B5F
:106BA00003D101F07BFE00235CE07B6B002B06D160
:106BB00007F11403184601F0C5F901237B6301F0C6
:106BC0006DFE00F06DFF01F039FE3B6B93F8443031
:106BD0005BB2B3F1FF3F03D13B6B002283F844204B
:106BE0003B6B93F845305BB2B3F1FF3F03D13B6B96
:106BF000002283F8452001F051FE3A1D07F11403ED
:106C00001146184601F0B4F90346002B24D1386B25
:106C100000F0DFFC0346002B18D03B6B10337A6882
:106C20001146184601F004F9386B00F06AFC00F0D8
:106C300045FF0346002B7FF47CAF0C4B4FF0805296
:106C40001A60BFF34F8FBFF36F8F72E7386B00F09E
:106C500058FC00F033FF6CE7386B00F052FC00F09A
:106C60002DFF002318463837BD4680BD04ED00E0F7
:106C700080B590B000AFF860B9607A603B60FB68A7
:106C8000BB63BB6B002B0BD14FF0500383F3118818
:106C9000BFF36F8FBFF34F8FBB6200BF00BFFDE735
:106CA000BB68002B03D1BB6B1B6C002B01D10123F4
:106CB00000E00023002B0BD14FF0500383F3118829
:106CC000BFF36F8FBFF34F8F7B6200BF00BFFDE745
:106CD0003B68022B03D1BB6BDB6B012B01D1012382
:106CE00000E00023002B0BD14FF0500383F31188F9
:106CF000BFF36F8FBFF34F8F3B6200BF00BFFDE755
:106D000001F05EFEEFF311824FF0500383F3118820
:106D1000BFF36F8FBFF34F8FFA61BB61FB697B637A
:106D2000BB6B9A6BBB6BDB6B9A4202D33B68022B4B
:106D30002FD1BB6B93F8453087F83330BB6B9B6B1F
:106D4000FB623A68B968B86B00F04BFB97F93330D7
:106D5000B3F1FF3F12D1BB6B5B6A002B16D0BB6B4C
:106D60002433184601F08AF80346002B0ED07B68C6
:106D7000002B0BD07B6801221A6007E097F83330B4
:106D80000133DBB25AB2BB6B83F845200123FB63AE
:106D900001E00023FB637B6B7B617B6983F31188DC
:106DA00000BFFB6B18464037BD4680BD80B58EB036
:106DB00000AF786039607B683B633B6B002B0BD185
:106DC0004FF0500383F31188BFF36F8FBFF34F8FE2
:106DD0003B6200BF00BFFDE73B6B1B6C002B0BD081
:106DE0004FF0500383F31188BFF36F8FBFF34F8FC2
:106DF000FB6100BF00BFFDE73B6B1B68002B03D1AD
:106E00003B6B9B68002B01D1012300E00023002B8A
:106E10000BD14FF0500383F31188BFF36F8FBFF393
:106E20004F8FBB6100BF00BFFDE701F0C9FDEFF36D
:106E300011824FF0500383F31188BFF36F8FBFF3BC
:106E40004F8F7A613B617B69FB623B6B9B6BBB62E3
:106E50003B6BDB6BBA6A9A422BD23B6B93F84530A3
:106E600087F82730BB6A5A1C3B6B9A6397F9273027
:106E7000B3F1FF3F12D13B6B5B6A002B16D03B6B2B
:106E80002433184600F0FAFF0346002B0ED03B686F
:106E9000002B0BD03B6801221A6007E097F82730DF
:106EA0000133DBB25AB23B6B83F8452001237B638D
:106EB00001E000237B63FB6AFB60FB6883F31188BE
:106EC00000BF7B6B18463837BD4680BD80B58CB09F
:106ED00000AFF860B9607A600023FB62FB68BB62B8
:106EE000BB6A002B0BD14FF0500383F31188BFF323
:106EF0006F8FBFF34F8F3B6200BF00BFFDE7BB68E2
:106F0000002B03D1BB6A1B6C002B01D1012300E0D5
:106F10000023002B0BD14FF0500383F31188BFF3F4
:106F20006F8FBFF34F8FFB6100BF00BFFDE701F024
:106F30006BF90346002B02D17B68002B01D10123A2
:106F400000E00023002B0BD14FF0500383F3118896
:106F5000BFF36F8FBFF34F8FBB6100BF00BFFDE773
:106F600001F06CFCBB6A9B6B7B627B6A002B1FD0C1
:106F7000B968B86A00F09FFA7B6A5A1EBB6A9A63C6
:106F8000BB6A1B69002B0FD0BB6A1033184600F098
:106F900075FF0346002B07D03C4B4FF080521A6020
:106FA000BFF34F8FBFF36F8F01F078FC012369E0CF
:106FB0007B68002B03D101F071FC002362E0FB6AC7
:106FC000002B06D107F11003184600F0BBFF012388
:106FD000FB6201F063FC00F063FD01F02FFCBB6A73
:106FE00093F844305BB2B3F1FF3F03D1BB6A002298
:106FF00083F84420BB6A93F845305BB2B3F1FF3F9E
:1070000003D1BB6A002283F8452001F047FC3A1DFA
:1070100007F110031146184600F0AAFF0346002BA3
:1070200023D1B86A00F0BFFA0346002B17D0BB6A21
:1070300024337A681146184600F0FAFEB86A00F068
:1070400060FA00F03BFD0346002B89D10F4B4FF057
:1070500080521A60BFF34F8FBFF36F8F80E7B86A1B
:1070600000F04FFA00F02AFD7AE7B86A00F049FA1A
:1070700000F024FDB86A00F096FA0346002B3FF4B6
:107080006FAF002318463037BD4680BD04ED00E0E9
:1070900080B58EB000AF7860396000237B637B6879
:1070A000FB6200233B63FB6A002B0BD14FF05003C4
:1070B00083F31188BFF36F8FBFF34F8F3B6200BF25
:1070C00000BFFDE7FB6A1B6C002B0BD04FF0500399
:1070D00083F31188BFF36F8FBFF34F8FFB6100BF46
:1070E00000BFFDE701F090F80346002B02D13B689A
:1070F000002B01D1012300E00023002B0BD14FF026
:10710000500383F31188BFF36F8FBFF34F8FBB61C1
:1071100000BF00BFFDE701F091FBFB6A9B6BBB6208
:10712000BB6A002B24D0BB6A5A1EFB6A9A63FB6AB7
:107130001B68002B04D101F013FA0246FB6A9A6027
:10714000FB6A1B69002B0FD0FB6A1033184600F056
:1071500095FE0346002B07D0544B4FF080521A6027
:10716000BFF34F8FBFF36F8F01F098FB012398E0BF
:107170003B68002B12D13B6B002B0BD04FF0500320
:1071800083F31188BFF36F8FBFF34F8F7B6100BF15
:1071900000BFFDE701F082FB002382E07B6B002B48
:1071A00006D107F10C03184600F0CCFE01237B63E7
:1071B00001F074FB00F074FC01F040FBFB6A93F8F3
:1071C00044305BB2B3F1FF3F03D1FB6A002283F886
:1071D0004420FB6A93F845305BB2B3F1FF3F03D123
:1071E000FB6A002283F8452001F058FB3A4607F17C
:1071F0000C031146184600F0BBFE0346002B32D1AB
:10720000F86A00F0D0F90346002B26D0FB6A1B6811
:10721000002B09D101F012FBFB6A9B68184601F0B4
:1072200011F8386301F03AFBFB6A24333A681146DF
:10723000184600F0FDFDF86A00F063F900F03EFC2E
:107240000346002B7FF467AF184B4FF080521A6053
:10725000BFF34F8FBFF36F8F5DE7F86A00F051F90E
:1072600000F02CFC57E7F86A00F04BF900F026FC20
:10727000F86A00F098F90346002B3FF44CAF3B6BE3
:10728000002B0DD001F0DAFAF86A00F093F878627A
:10729000FB6A9B68796A184601F0D2F801F0FEFAA1
:1072A000002318463837BD4680BD00BF04ED00E01E
:1072B00080B58EB000AFF860B9607A60FB683B6360
:1072C0003B6B002B0BD14FF0500383F31188BFF3BE
:1072D0006F8FBFF34F8F3B6200BF00BFFDE7BB68FE
:1072E000002B03D13B6B1B6C002B01D1012300E071
:1072F0000023002B0BD14FF0500383F31188BFF311
:107300006F8FBFF34F8FFB6100BF00BFFDE701F040
:1073100057FBEFF311824FF0500383F31188BFF353
:107320006F8FBFF34F8FBA617B61BB69FB623B6BB1
:107330009B6BBB62BB6A002B2FD03B6B93F8443036
:1073400087F82730B968386B00F0B5F8BB6A5A1E69
:107350003B6B9A6397F92730B3F1FF3F12D13B6B38
:107360001B69002B16D03B6B1033184600F086FDCE
:107370000346002B0ED07B68002B0BD07B680122CC
:107380001A6007E097F827300133DBB25AB23B6B43
:1073900083F8442001237B6301E000237B63FB6AC5
:1073A0003B613B6983F3118800BF7B6B184638371C
:1073B000BD4680BD80B485B000AF78607B685B6AF5
:1073C000002B06D07B681B6B1B68C3F10703FB60B7
:1073D00001E00023FB60FB6818461437BD4680BC03
:1073E000704780B586B000AFF860B9607A6000235E
:1073F0007B61FB689B6B3B61FB681B6C002B0DD1B9
:10740000FB681B68002B4DD1FB689B68184600F099
:107410008FFF7861FB6800229A6043E07B68002B55
:1074200019D1FB685868FB681B6C1A46B96802F0F2
:1074300058F8FB685A68FB681B6C1A44FB685A6072
:10744000FB685A68FB689B689A422BD3FB681A68F2
:10745000FB685A6026E0FB68D868FB681B6C1A461C
:10746000B96802F03EF8FB68DA68FB681B6C5B42A7
:107470001A44FB68DA60FB68DA68FB681B689A42AA
:1074800007D2FB689A68FB681B6C5B421A44FB6876
:10749000DA607B68022B05D13B69002B02D03B6987
:1074A000013B3B613B695A1CFB689A637B69184648
:1074B0001837BD4680BD80B582B000AF78603960B6
:1074C0007B681B6C002B18D07B68DA687B681B6CB0
:1074D0001A447B68DA607B68DA687B689B689A424A
:1074E00003D37B681A687B68DA607B68D9687B683D
:1074F0001B6C1A46386801F0F4FF00BF0837BD4620
:1075000080BD80B584B000AF786001F097F97B68EA
:1075100093F84530FB7311E07B685B6A002B12D057
:107520007B682433184600F0A9FC0346002B01D0E9
:1075300000F082FDFB7B013BDBB2FB7397F90F3060
:10754000002BE9DC00E000BF7B68FF2283F84520C8
:1075500001F0A4F901F072F97B6893F84430BB7331
:1075600011E07B681B69002B12D07B681033184632
:1075700000F084FC0346002B01D000F05DFDBB7BD6
:10758000013BDBB2BB7397F90E30002BE9DC00E066
:1075900000BF7B68FF2283F8442001F07FF900BF21
:1075A0001037BD4680BD80B584B000AF786001F073
:1075B00045F97B689B6B002B02D10123FB6001E046
:1075C0000023FB6001F06AF9FB6818461037BD46DE
:1075D00080BD80B584B000AF786001F02FF97B6882
:1075E0009A6B7B68DB6B9A4202D10123FB6001E05E
:1075F0000023FB6001F052F9FB6818461037BD46C6
:1076000080BD80B58EB004AFF860B9607A603B6031
:107610007B6B002B0BD14FF0500383F31188BFF32A
:107620006F8FBFF34F8F3B6200BF00BFFDE7BB6BA7
:10763000002B0BD14FF0500383F31188BFF36F8FF2
:10764000BFF34F8FFB6100BF00BFFDE7B0233B617D
:107650003B69B02B0BD04FF0500383F31188BFF37D
:107660006F8FBFF34F8FBB6100BF00BFFDE73B696A
:10767000BB6B002B1ED07B6B002B1BD0BB6B7B62CC
:107680007B6A7A6B1A637B6A022283F8AD2000233F
:1076900003937B6A029307F1140301933B6B0093FE
:1076A0003B687A68B968F86800F050F8786A00F0CA
:1076B000EDF801E000237B617B6918462837BD4661
:1076C00080BD80B58CB004AFF860B9603B601346F4
:1076D000FB80FB889B00184601F0B2F978617B695A
:1076E000002B0ED0B02001F0ABF9F861FB69002B44
:1076F00003D0FB697A691A6305E0786901F06EFAD4
:1077000001E00023FB61FB69002B17D0FB6900221D
:1077100083F8AD20FA8800230393FB690293FB6A88
:107720000193BB6A00933B68B968F86800F00EF8F3
:10773000F86900F0ABF80123BB6102E04FF0FF33C2
:10774000BB61BB6918462037BD4680BD80B588B097
:1077500000AFF860B9607A603B603B6B1A6B7B6886
:1077600003F18043013B9B001344BB61BB6923F0E1
:107770000703BB61BB6903F00703002B0BD04FF07D
:10778000500383F31188BFF36F8FBFF34F8F7B617B
:1077900000BF00BFFDE7BB68002B1FD00023FB61CB
:1077A00012E0BA68FB69134419783A6BFB69134419
:1077B00034330A461A70BA68FB6913441B78002BED
:1077C00006D0FB690133FB61FB691D2BE9D900E0A1
:1077D00000BF3B6B002283F8512003E03B6B00228B
:1077E00083F83420BB6A062B01D90623BB623B6BAE
:1077F000BA6ADA623B6BBA6A5A653B6B00229A65D9
:107800003B6B04331846FEF712FF3B6B18331846E8
:10781000FEF70DFF3B6B3A6B1A61BB6AC3F10702BF
:107820003B6B9A613B6B3A6B5A623B6B0022C3F82D
:10783000A8203B6B002283F8AC203B6B5C334C22CE
:107840000021184601F074FD3B6B0D4A1A663B6B34
:107850000C4A5A663B6B0C4A9A663A68F968B869F2
:1078600000F0F8FE02463B6B1A60FB6A002B02D068
:10787000FB6A3A6B1A6000BF2037BD4680BD00BF6F
:1078800040460020A84600201047002080B582B066
:1078900000AF786000F0D2FF2A4B1B680133294A01
:1078A0001360294B1B68002B09D1274A7B681360A2
:1078B000244B1B68012B10D100F0E2FB0DE0234BA1
:1078C0001B68002B09D1204B1B68DA6A7B68DB6AD6
:1078D0009A4202D81C4A7B6813601D4B1B68013317
:1078E0001B4A13607B68DB6A01229A40194B1B68B4
:1078F0001343184A13607B68DA6A13469B001344EB
:107900009B00154A1A447B68043319461046FEF75B
:107910009AFE00F0C3FF0D4B1B68002B0ED00A4BE4
:107920001B68DA6A7B68DB6A9A4207D20B4B4FF01E
:1079300080521A60BFF34F8FBFF36F8F00BF0837BD
:10794000BD4680BDEC410020EC400020F841002005
:1079500008420020F4410020F040002004ED00E047
:1079600080B584B000AF78600023FB607B68002B9B
:1079700018D0144B1B68002B0BD04FF0500383F32F
:107980001188BFF36F8FBFF34F8FBB6000BF00BF85
:10799000FDE700F085F80021786800F0F5FD00F0C3
:1079A0008DF8F860FB68002B07D1074B4FF0805231
:1079B0001A60BFF34F8FBFF36F8F00BF1037BD4604
:1079C00080BD00BF1442002004ED00E080B58AB005
:1079D00004AF0023BB6000237B603A46391D07F1EA
:1079E00008031846F9F71CFE39687B68BA680292EA
:1079F00001930023009300230A4621492148FFF701
:107A000000FE0346204A13601F4B1B68002B02D068
:107A100001237B6101E000237B617B69012B1BD18A
:107A20004FF0500383F31188BFF36F8FBFF34F8F75
:107A30003B6100BF154B1B685C33154A1360154B47
:107A40004FF0FF321A60144B01221A60134B0022D0
:107A50001A6000F081FE0FE07B69B3F1FF3F0BD1AC
:107A60004FF0500383F31188BFF36F8FBFF34F8F35
:107A7000FB6000BF00BFFDE700BF1837BD4680BDFB
:107A80007CAB00085180000810420020EC40002030
:107A9000540000200C420020F8410020F04100205A
:107AA00080B400AF044B1B680133034A136000BF6E
:107AB000BD4680BC704700BF1442002080B584B032
:107AC00000AF0023FB600023BB60424B1B68002B10
:107AD0000BD14FF0500383F31188BFF36F8FBFF3C7
:107AE0004F8F3B6000BF00BFFDE700F0A7FE394BA2
:107AF0001B68013B374A1360364B1B68002B61D172
:107B0000354B1B68002B5DD02EE0344BDB68DB6807
:107B1000FB60FB6818331846FEF7F0FDFB68043382
:107B20001846FEF7EBFDFB68DB6A01229A402C4BFE
:107B30001B6813432A4A1360FB68DA6A13469B00EA
:107B400013449B00274A1A44FB6804331946104625
:107B5000FEF779FDFB68DA6A234B1B68DB6A9A4201
:107B600002D3224B01221A601C4B1B68002BCCD184
:107B7000FB68002B01D000F027FB1D4B1B687B60CE
:107B80007B68002B10D000F037F80346002B02D0A2
:107B9000164B01221A607B68013B7B607B68002BDF
:107BA000F1D1134B00221A60104B1B68002B09D037
:107BB0000123BB600F4B4FF080521A60BFF34F8F11
:107BC000BFF36F8F00F06AFEBB6818461037BD46E2
:107BD00080BD00BF14420020EC410020AC410020D9
:107BE000F4410020F0400020EC4000200042002042
:107BF000FC41002004ED00E080B586B000AF00231A
:107C00007B614F4B1B68002B40F08F804D4B1B68F6
:107C100001333B614B4A3B6913603B69002B21D127
:107C2000494B1B681B68002B0BD04FF0500383F3AC
:107C30001188BFF36F8FBFF34F8F3B6000BF00BF52
:107C4000FDE7414B1B68FB60404B1B683E4A1360DD
:107C50003E4AFB6813603E4B1B6801333C4A13608D
:107C600000F0B2FA3B4B1B683A699A4248D3364B54
:107C70001B681B68002B04D1364B4FF0FF321A6093
:107C80003EE0314B1B68DB68DB68BB60BB685B6850
:107C90007B603A697B689A4203D22E4A7B68136004
:107CA0002EE0BB6804331846FEF728FDBB689B6ACC
:107CB000002B04D0BB6818331846FEF71FFDBB68C5
:107CC000DB6A01229A40244B1B681343224A13604B
:107CD000BB68DA6A13469B0013449B001F4A1A4490
:107CE000BB68043319461046FEF7ADFCBB68DA6A80
:107CF0001B4B1B68DB6A9A42B9D301237B61B6E751
:107D0000174B1B68DA6A154913469B0013449B0006
:107D10000B441B68012B01D901237B61114B1B68AC
:107D2000002B07D001237B6104E00F4B1B6801335C
:107D30000D4A13607B6918461837BD4680BD00BFE9
:107D400014420020F0410020A4410020A84100205E
:107D5000044200200C420020F4410020F0400020AA
:107D6000EC40002000420020FC41002080B487B09D
:107D700000AF294B1B68002B03D0284B01221A604F
:107D800045E0264B00221A60254B1B68FB60FB6810
:107D9000B3FA83F3FB72FB7AC3F11F037B612149C2
:107DA0007A6913469B0013449B000B441B68002B0D
:107DB0000BD14FF0500383F31188BFF36F8FBFF3E4
:107DC0004F8F7B6000BF00BFFDE77A6913469B00C1
:107DD00013449B00134A13443B613B695B685A6838
:107DE0003B695A603B695A683B6908339A4204D13F
:107DF0003B695B685A683B695A603B695B68DB6852
:107E0000094A1360084B1B685C33084A136000BFC3
:107E10001C37BD4680BC7047144200200042002041
:107E2000F4410020F0400020EC40002054000020ED
:107E300080B584B000AF786039607B68002B0BD1CF
:107E40004FF0500383F31188BFF36F8FBFF34F8F51
:107E5000FB6000BF00BFFDE7074B1B6818331946E6
:107E60007868FEF713FC0121386800F08DFB00BF35
:107E70001037BD4680BD00BFEC40002080B586B005
:107E800000AF78607B68DB68DB683B613B69002B97
:107E90000BD14FF0500383F31188BFF36F8FBFF303
:107EA0004F8FFB6000BF00BFFDE73B6918331846EA
:107EB000FEF724FC1D4B1B68002B1CD13B690433CF
:107EC0001846FEF71BFC3B69DB6A01229A40184BFF
:107ED0001B681343164A13603B69DA6A13469B001A
:107EE00013449B00134A1A443B6904331946104655
:107EF000FEF7A9FB05E03B69183319460E48FEF76B
:107F0000A2FB3B69DA6A0D4B1B68DB6A9A4205D912
:107F100001237B610A4B01221A6001E000237B618F
:107F20007B6918461837BD4680BD00BF144200204B
:107F3000F4410020F0400020AC410020EC40002043
:107F40000042002080B483B000AF7860064B1A680E
:107F50007B681A60054B1A687B685A6000BF0C3753
:107F6000BD4680BC704700BF04420020F0410020A5
:107F700080B588B000AF786039607B68002B0BD18A
:107F80004FF0500383F31188BFF36F8FBFF34F8F10
:107F90003B6100BF00BFFDE73B68002B0BD14FF0FA
:107FA000500383F31188BFF36F8FBFF34F8FFB60D4
:107FB00000BF00BFFDE700F041FC1D4B1B68BB612B
:107FC0007B685B68BA69D31A7B613B681B68B3F155
:107FD000FF3F02D10023FB6123E07B681A68154B49
:107FE0001B689A4207D07B685B68BA699A4202D3E1
:107FF0000123FB6115E03B681B687A699A420BD24A
:108000003B681A687B69D21A3B681A607868FFF788
:1080100099FF0023FB6104E03B6800221A60012302
:10802000FB6100F03BFCFB6918462037BD4680BD74
:10803000F04100200442002080B400AF034B012235
:108040001A6000BFBD4680BC704700BF00420020E0
:1080500080B582B000AF786000F052F8064B1B6824
:10806000012BF9D9054B4FF080521A60BFF34F8FA7
:10807000BFF36F8FF0E700BFF040002004ED00E099
:1080800080B582B000AF00237B600CE07A681346B5
:108090009B0013449B00124A13441846FEF7A8FAAB
:1080A0007B6801337B607B68062BEFD90D48FEF7B8
:1080B0009FFA0D48FEF79CFA0C48FEF799FA0C4817
:1080C000FEF796FA0B48FEF793FA0B4B054A1A6037
:1080D0000A4B054A1A6000BF0837BD4680BD00BF85
:1080E000F04000207C41002090410020AC41002065
:1080F000C0410020D8410020A4410020A841002018
:1081000080B582B000AF19E000F098FB104BDB683F
:10811000DB687B607B6804331846FEF7EFFA0D4B93
:108120001B68013B0B4A13600B4B1B68013B0A4A5F
:10813000136000F0B3FB786800F010F8064B1B6882
:10814000002BE1D100BF00BF0837BD4680BD00BF96
:10815000C0410020EC410020D441002080B584B013
:1081600000AF78607B685C33184601F0F9F87B68F3
:1081700093F8AD30002B08D17B681B6B184600F0DC
:108180002DFD786800F02AFD19E07B6893F8AD308A
:10819000012B03D1786800F021FD10E07B6893F893
:1081A000AD30022B0BD04FF0500383F31188BFF397
:1081B0006F8FBFF34F8FFB6000BF00BFFDE700BFB5
:1081C0001037BD4680BD000080B483B000AF0C4BBB
:1081D0001B681B68002B04D10A4B4FF0FF321A605A
:1081E00008E0074B1B68DB68DB687B607B685B68CB
:1081F000044A136000BF0C37BD4680BC704700BF07
:10820000A44100200C42002080B483B000AF0B4B8F
:108210001B68002B02D101237B6008E0084B1B6820
:10822000002B02D102237B6001E000237B607B688E
:1082300018460C37BD4680BC704700BFF84100208F
:108240001442002080B584B000AF78607B68BB60CA
:108250000023FB607B68002B5ED0BB68DA6A314B81
:108260001B68DB6A9A424ED2BB689B69002B06DB17
:108270002C4B1B68DB6AC3F10702BB689A61BB68C1
:108280005969BB68DA6A13469B0013449B00264A6F
:10829000134499422FD1BB6804331846FEF72EFAD7
:1082A0000346002B0AD1BB68DB6A012202FA03F302
:1082B000DA431E4B1B6813401C4A1360194B1B68A2
:1082C000DA6ABB68DA62BB68DB6A01229A40174B44
:1082D0001B681343154A1360BB68DA6A13469B0098
:1082E00013449B00104A1A44BB68043319461046D5
:1082F000FEF7A9F904E00B4B1B68DA6ABB68DA6287
:108300000123FB6008E0BB685A6D064B1B68DB6A03
:108310009A4201D20123FB60FB6818461037BD4624
:1083200080BD00BFEC400020F0400020F441002060
:1083300080B586B000AF78607B683B6100237B61CD
:108340007B68002B70D03B4B1B683A699A420BD07C
:108350004FF0500383F31188BFF36F8FBFF34F8F3C
:10836000FB6000BF00BFFDE73B699B6D002B0BD19D
:108370004FF0500383F31188BFF36F8FBFF34F8F1C
:10838000BB6000BF00BFFDE73B699B6D5A1E3B69A8
:108390009A653B69DA6A3B695B6D9A4244D03B69F6
:1083A0009B6D002B40D13B6904331846FEF7A6F9BC
:1083B0000346002B15D13B69DA6A1F4913469B001F
:1083C00013449B000B441B68002B0AD13B69DB6AFA
:1083D000012202FA03F3DA43184B1B681340174AD1
:1083E00013603B695A6D3B69DA623B69DB6AC3F132
:1083F00007023B699A613B69DB6A01229A400F4B95
:108400001B6813430D4A13603B69DA6A13469B00ED
:1084100013449B00084A1A443B690433194610462A
:10842000FEF711F901237B617B6918461837BD46B9
:1084300080BD00BFEC400020F0400020F44100204F
:1084400080B588B000AF786039607B68BB6101237C
:108450007B617B68002B79D0BB699B6D002B0BD1B6
:108460004FF0500383F31188BFF36F8FBFF34F8F2B
:10847000FB6000BF00BFFDE7BB695B6D3A689A42D5
:1084800002D93B68FB6102E0BB695B6DFB61BB69C4
:10849000DB6AFA699A4259D0BB699B6D7A699A4244
:1084A00054D12C4B1B68BA699A420BD14FF0500340
:1084B00083F31188BFF36F8FBFF34F8FBB6000BF93
:1084C00000BFFDE7BB69DB6A3B61BB69FA69DA6241
:1084D000BB699B69002B04DBFB69C3F10702BB6925
:1084E0009A61BB6959693A6913469B0013449B0022
:1084F000194A1344994229D1BB6904331846FEF73F
:10850000FDF80346002B0AD1BB69DB6A012202FA9F
:1085100003F3DA43114B1B681340104A1360BB6925
:10852000DB6A01229A400D4B1B6813430B4A136010
:10853000BB69DA6A13469B0013449B00064A1A443F
:10854000BB69043319461046FEF77DF800BF20379B
:10855000BD4680BDEC400020F0400020F4410020EA
:1085600080B400AF074B1B68002B04D0054B1B6881
:108570009A6D01329A65034B1B681846BD4680BC54
:10858000704700BFEC40002080B584B000AF786039
:108590003960294B1B68FB60284B1B680433184665
:1085A000FEF7ACF80346002B0BD1244B1B68DB6AAB
:1085B000012202FA03F3DA43214B1B681340204ADD
:1085C00013607B68B3F1FF3F0AD13B68002B07D0F3
:1085D0001A4B1B68043319461A48FEF734F826E094
:1085E000FA687B681344BB60144B1B68BA685A6016
:1085F000BA68FB689A4209D2134B1A680F4B1B6882
:10860000043319461046FEF741F810E00F4B1A6884
:108610000A4B1B68043319461046FEF737F80C4B1B
:108620001B68BA689A4202D2094ABB68136000BF4D
:108630001037BD4680BD00BFF0410020EC40002057
:10864000F4410020D8410020A8410020A44100208E
:108650000C42002080B485B000AFF860B9607A6049
:10866000FB68043BFB60FB684FF080721A60FB689C
:10867000043BFB60BB6823F00102FB681A60FB68E7
:10868000043BFB60084AFB681A60FB68143BFB6014
:108690007A68FB681A60FB68203BFB60FB68184641
:1086A0001437BD4680BC7047AD86000880B485B0E5
:1086B00000AF00237B60124B1B68B3F1FF3F0BD070
:1086C0004FF0500383F31188BFF36F8FBFF34F8FC9
:1086D000FB6000BF00BFFDE74FF0500383F311883C
:1086E000BFF36F8FBFF34F8FBB6000BF00BF7B68CE
:1086F000002BFCD000BF00BF1437BD4680BC7047C4
:108700004400002000000000000000000000000005
:10871000074B19680868B0E8F00F80F30988BFF3C9
:108720006F8F4FF0000080F311884EF00D0E7047F0
:10873000EC40002000BF00BF06480068006880F3DE
:10874000088862B661B6BFF34F8FBFF36F8F00DF4B
:1087500000BF00BF08ED00E080B584B000AF324B31
:10876000FB60FB681B78DBB27B60FB68FF221A7042
:10877000FB681B78DBB2FB70FB78DBB203F05003C5
:10878000DAB22A4B1A702A4B07221A6009E0284BEA
:108790001B68013B264A1360FB78DBB25B00DBB24F
:1087A000FB70FB78DBB203F08003802BEFD0204B13
:1087B0001B68C3F10703042B0BD04FF0500383F366
:1087C0001188BFF36F8FBFF34F8FBB6000BF00BF37
:1087D000FDE7174B1B681B02154A1360144B1B68FF
:1087E00003F4E063124A13607B68DAB2FB681A7024
:1087F000104B1B680F4A43F4700313600D4B1B684A
:108800000C4A43F07043136000F0B8F80A4B0022A2
:108810001A60FFF791FFFFF7A9FAFFF747FF002360
:1088200018461037BD4680BD00E400E01842002025
:108830001C42002020ED00E04400002080B483B002
:1088400000AF4FF0500383F31188BFF36F8FBFF376
:108850004F8F7B6000BF0F4B1B6801330D4A1360C5
:108860000C4B1B68012B10D10B4B1B68DBB2002B90
:108870000BD04FF0500383F31188BFF36F8FBFF31A
:108880004F8F3B6000BF00BFFDE700BF0C37BD4608
:1088900080BC70474400002004ED00E080B483B049
:1088A00000AF124B1B68002B0BD14FF0500383F32A
:1088B0001188BFF36F8FBFF34F8F7B6000BF00BF86
:1088C000FDE70A4B1B68013B084A1360074B1B6816
:1088D000002B05D100233B603B6883F3118800BF68
:1088E00000BF0C37BD4680BC704700BF440000206D
:1088F000EFF30980BFF36F8F0D4B1A6820E9F00F7B
:1089000010602DE908404FF0500080F31188FFF708
:108910002DFA4FF0000080F31188BDE80840196877
:108920000868B0E8F00F80F30988BFF36F8F7047D5
:10893000EC40002000BF00BF80B582B000AF4FF018
:10894000500383F31188BFF36F8FBFF34F8F7B60AA
:1089500000BFFFF751F90346002B03D0064B4FF041
:1089600080521A6000233B603B6883F3118800BF8C
:1089700000BF0837BD4680BD04ED00E080B400AF05
:108980000A4B00221A600A4B00221A60094B1B682E
:10899000094AA2FB03239B09084A013B1360034BCE
:1089A00007221A6000BFBD4680BC704710E000E09F
:1089B00018E000E038000020D34D621014E000E021
:1089C00080B485B000AFEFF30583FB60FB680F2B2D
:1089D00015D9174AFB6813441B78FB72154B1B789B
:1089E000FA7A9A420BD24FF0500383F31188BFF307
:1089F0006F8FBFF34F8F7B6000BF00BFFDE70E4B53
:108A00001B6803F4E0620D4B1B689A420BD94FF0D0
:108A1000500383F31188BFF36F8FBFF34F8F3B6019
:108A200000BF00BFFDE700BF1437BD4680BC7047E4
:108A3000F0E300E0184200200CED00E01C420020B2
:108A400080B58AB000AF78600023FB61FFF728F89B
:108A50005C4B1B68002B01D100F024F95A4B1A68BB
:108A60007B681340002B40F095807B68002B1ED064
:108A700008227B6813447B607B6803F00703002BAC
:108A800015D07B6823F0070308337B607B6803F015
:108A90000703002B0BD04FF0500383F31188BFF373
:108AA0006F8FBFF34F8F7B6100BF00BFFDE77B6817
:108AB000002B6FD0454B1B687A689A426AD8444BAA
:108AC0003B62434B1B687B6204E07B6A3B627B6AD0
:108AD0001B687B627B6A5B687A689A4203D97B6A0F
:108AE0001B68002BF1D1374B1B687A6A9A4251D030
:108AF0003B6A1B6808221344FB617B6A1A683B6A65
:108B00001A607B6A5A687B68D21A08235B009A4213
:108B100020D97A6A7B681344BB61BB6903F0070301
:108B2000002B0BD04FF0500383F31188BFF36F8FEE
:108B3000BFF34F8F3B6100BF00BFFDE77B6A5A6800
:108B40007B68D21ABB695A607B6A7A685A60B869D6
:108B500000F00AF91D4B1A687B6A5B68D31A1B4A3E
:108B600013601A4B1A681B4B1B689A4203D2174BAF
:108B70001B68184A13607B6A5A68134B1B681A43B8
:108B80007B6A5A607B6A00221A60134B1B680133B0
:108B9000114A1360FEF792FFFB6903F00703002BF5
:108BA0000BD04FF0500383F31188BFF36F8FBFF3E7
:108BB0004F8FFB6000BF00BFFDE7FB6918462837F9
:108BC000BD4680BD284600203C4600202C460020A3
:108BD00020460020304600203446002080B586B074
:108BE00000AF78607B687B617B68002B4FD00823E7
:108BF0005B427A6913447B617B693B613B695A68DC
:108C0000254B1B681340002B0BD14FF0500383F30F
:108C10001188BFF36F8FBFF34F8FFB6000BF00BFA2
:108C2000FDE73B691B68002B0BD04FF0500383F32B
:108C30001188BFF36F8FBFF34F8FBB6000BF00BFC2
:108C4000FDE73B695A68144B1B681340002B1ED08C
:108C50003B691B68002B1AD13B695A680E4B1B6895
:108C6000DB431A403B695A60FEF71AFF3B695A68BA
:108C70000A4B1B681344094A1360386900F074F802
:108C8000074B1B680133064A1360FEF717FF00BF4E
:108C90001837BD4680BD00BF3C4600202C46002052
:108CA0003846002080B485B000AF4FF48063BB60CD
:108CB000274BFB60FB6803F00703002B0CD0FB681D
:108CC0000733FB60FB6823F00703FB60BA68FB68AF
:108CD000D31A1F4A1344BB60FB687B601D4A7B6844
:108CE00013601C4B00225A607B68BA681344FB6017
:108CF0000822FB689B1AFB60FB6823F00703FB60FC
:108D0000FB68154A1360144B1B6800225A60124B13
:108D10001B6800221A607B683B603B68FA68D21AC5
:108D20003B685A600C4B1A683B681A603B685B688A
:108D30000A4A13603B685B68094A1360094B4FF0AD
:108D400000421A6000BF1437BD4680BC704700BFA8
:108D500020420020204600202846002030460020E7
:108D60002C4600203C46002080B485B000AF7860DF
:108D7000274BFB6002E0FB681B68FB60FB681B681D
:108D80007A689A42F7D8FB68BB60FB685B68BA6890
:108D900013447A689A4208D1FB685A687B685B681A
:108DA0001A44FB685A60FB687B607B68BB607B6829
:108DB0005B68BA681A44FB681B689A4218D1FB6862
:108DC0001A68144B1B689A420DD07B685A68FB687E
:108DD0001B685B681A447B685A60FB681B681A68EA
:108DE0007B681A6008E00B4B1A687B681A6003E026
:108DF000FB681A687B681A60FA687B689A4202D03E
:108E0000FB687A681A6000BF1437BD4680BC7047A3
:108E10002046002028460020002310B50446C0E963
:108E20000033C0E90433836081814366C28183617A
:108E3000194608225C3000F07BFA0D4B2462636215
:108E40000C4BA3620C4BE3620C4B23630C4B9C4218
:108E500006D003F16802944202D0D0339C4205D17F
:108E600004F15800BDE8104000F038BB10BD00BF51
:108E7000E99000080B9100084391000867910008F1
:108E800040460020024A0349034800F069B800BF89
:108E9000480000203DA000085800002041680C4B0D
:108EA00010B59942044601D001F0C8F8A168094BF9
:108EB000994202D0204601F0C1F8E168064B994280
:108EC00004D02046BDE8104001F0B8B810BD00BF86
:108ED00040460020A84600201047002010B50B4B4C
:108EE0000B4C0C4A20461A6004210022FFF794FF25
:108EF00004F1680001220921FFF78EFF04F1D00080
:108F00000222BDE810401221FFF786BF78470020FB
:108F100040460020858E0008014800F0E0BA00BFFE
:108F200081470020014800F0DBBA00BF81470020E4
:108F300010B50446FFF7F0FF236A1BB1BDE81040EF
:108F4000FFF7F0BF044B2362044B1B68002BF5D1E5
:108F5000FFF7C4FFF2E700BF9D8E000878470020AE
:108F60002DE9F8430746884614460026D4E90195C2
:108F7000B9F1010905D52468002CF7D13046BDE8C8
:108F8000F883AB89012B07D9B5F90E30013303D033
:108F900029463846C04706436835E9E70FB407B5A8
:108FA000064904AB086853F8042B8168019300F06C
:108FB0001DFD03B05DF804EB04B0704754000020C1
:108FC000036A70B505460E4684680BB9FFF7B0FF1B
:108FD000636EDB0705D4A389980502D4A06D00F069
:108FE0007EFAA389190702D52369002B35D12146C2
:108FF000284600F037F980B34FF0FF35636EDA078B
:1090000005D4A3899B0502D4A06D00F069FA284617
:1090100070BD002B04DAA2699A4217DC0A2915D028
:1090200023685A1C22601970A36816F8011F013BBF
:10903000A3600029EDD1002B11DA22460A2128462F
:1090400000F0D2F80130D7D00A25D7E722462846CB
:1090500000F0CAF80130E7D1CEE7013EE4E723682B
:109060005A1C22600A221A70EEE70000024B0146E9
:109070001868FFF7A5BF00BF540000200CB430B53E
:10908000184B0C1E1D689DB008DA8B234FF0FF3083
:109090002B601DB0BDE8304002B070474FF4027342
:1090A000ADF814304FF000031B930CBF234604F1BE
:1090B000FF33049307934FF6FF7302900690ADF8C9
:1090C0001630284621AB209A02A9019300F06AFBD2
:1090D000431CBCBF8B232B60002CDAD00022029BE8
:1090E0001A70D6E75400002010B50C46B1F90E10E6
:1090F00000F0A6F90028ABBF636DA3891B1823F409
:109100008053ACBF6365A38110BD2DE9F0411F46BC
:109110008B890546DB050C46164605D50223002241
:10912000B1F90E1000F07AF9A389324623F4805386
:10913000A38128463B46B4F90E10BDE8F04100F08B
:1091400091B910B50C46B1F90E1000F067F9431C47
:10915000A38915BF606523F4805343F48053A38132
:1091600018BFA38110BDB1F90E1000F0E9B830B5F9
:109170001446002C05461A469BB005DA8B23036083
:109180004FF0FF301BB030BD4FF40273ADF80C3020
:109190004FF0000319930CBF234604F1FF330293F1
:1091A00005934FF6FF7300910491ADF80E306946B8
:1091B0001E9B00F0F7FA431CBCBF8B232B60002CD6
:1091C000E0D00022009B1A70DCE7000007B5009396
:1091D00013460A46014603480068FFF7C8FF03B07C
:1091E0005DF804FB54000020F8B50E461446054611
:1091F00018B1036A0BB9FFF79BFEA369A360A389AB
:109200001A0701D5236943B92146284600F02AF8F8
:1092100018B14FF0FF373846F8BD23682269F6B21F
:10922000981A63693746834205DC2146284600F0D8
:1092300005FF0028EDD1A368013BA36023685A1CF9
:1092400022601E706269431C9A4204D0A389DB0726
:10925000E1D50A2EDFD12146284600F0EFFE002896
:10926000D9D0D6E738B5294B054618680C4618B151
:10927000036A0BB9FFF75CFEB4F90C30190722D46E
:10928000DA0607D409222A6043F040034FF0FF308A
:10929000A38133E0580712D5616B41B104F1440357
:1092A000994202D0284600F02BF900236363A3897A
:1092B00023F02403A3810023636023692360A3892F
:1092C00043F00803A38123694BB9A38903F42073F6
:1092D000B3F5007F03D02146284600F0FCFEB4F928
:1092E0000C3013F001020AD00022A26062695242DF
:1092F000A261226942B913F08000C5D138BD990737
:1093000058BF6269A260F4E70020F7E7540000202C
:1093100010B501390244904201D1002005E00378E4
:1093200011F8014FA34201D0181B10BD0130F2E724
:1093300003460244934200D1704703F8011BF9E74A
:1093400038B50023054D044608462B60F9F70DFF9C
:10935000431C02D12B6803B1236038BD7C47002039
:109360002D4B70B51B680446834253D0C3691BB3B1
:10937000DB6863B10025E369DB685959B1B904358D
:10938000802DF8D1E3692046D96800F0B9F8E36987
:10939000196811B1204600F0B3F8E3699D685DB12A
:1093A000294620462D6800F0ABF8F8E70E68204605
:1093B00000F0A6F83146E1E7616911B1204600F0FE
:1093C0009FF8E16911B1204600F09AF8216B11B1C4
:1093D000204600F095F8616B11B1204600F090F83E
:1093E000A16B11B1204600F08BF8A16C11B12046A1
:1093F00000F086F8616C11B1204600F081F8E16A56
:1094000011B1204600F07CF8236A1BB12046BDE86C
:109410007040184770BD00BF5400002038B50446A6
:10942000084611460022054D2A601A46F9F7C1FE8A
:10943000431C02D12B6803B1236038BD7C47002058
:1094400038B50446084611460022054D2A601A46E2
:10945000F9F76EFE431C02D12B6803B1236038BDBF
:109460007C47002038B50446084611460022054DC9
:109470002A601A46F8F706FB431C02D12B6803B199
:10948000236038BD7C470020014B1868704700BF3F
:109490005400002070B500260C4D0D4C641BA41028
:1094A000A64209D100F0E4FE00260A4D0A4C641BD6
:1094B000A410A64205D170BD55F8043B984701366B
:1094C000EEE755F8043B98470136F2E70CAC00088C
:1094D0000CAC00080CAC000810AC000870477047DA
:1094E00070470A44914200F1FF3300D1704710B534
:1094F00011F8014B914203F8014FF9D110BD000062
:1095000038B50546002940D051F8043C0C1F002B0B
:10951000B8BFE41800F0DEF81C4A136833B9636082
:1095200014602846BDE8384000F0DAB8A34208D9F4
:10953000206821188B4201BF19685B6809182160F7
:10954000EDE71A465B680BB1A342FAD911685018CF
:10955000A0420BD120680144501883421160E0D131
:1095600018685B68084410605360DAE702D90C237E
:109570002B60D6E7206821188B4201BF19685B6811
:109580000918216063605460CBE738BD884700202C
:1095900070B50F4E0C463168054611B900F014FE47
:1095A00030602146284600F00FFE431C03D14FF0E7
:1095B000FF34204670BDC41C24F00304A042F8D040
:1095C000211A284600F000FE0130F2D1EFE700BF7B
:1095D000844700202DE9F843CD1C25F0030508350C
:1095E0000C2D38BF0C25002D064601DBA94204D9FD
:1095F0000C2333600020BDE8F883DFF8D48000F04E
:1096000069F8D8F800301C4644BB29463046FFF7BD
:10961000BFFF431C044658D1D8F800402746002F0E
:1096200043D1002C4BD023683946304604EB030964
:1096300000F0CAFD814542D1216830466D1A2946A5
:10964000FFF7A6FF01303AD023682B442360D8F8F7
:1096500000305A6862BBC8F800700FE02268521BE5
:1096600020D40B2A17D96119A342256018BF59606D
:10967000636808BFC8F8001062514B60304600F0C4
:109680002FF804F10B00231D20F00700C21A1CBFA5
:109690001B1AA350AFE76268A3420CBFC8F80020B2
:1096A0005A60EBE723466468AEE73C467F68B6E75E
:1096B0001A465B68A342FBD100235360DEE70C230C
:1096C0003046336000F00CF894E70560D6E700BF41
:1096D000884700200148FFF702BF00BF80470020F5
:1096E0000148FFF7FDBE00BF804700202DE9F0478D
:1096F0001F468E688246BE420C4690460B682DD8A7
:10970000B1F90C2012F4906F26D06569096905EB58
:109710004505A3EB010905EBD5757B1C4B446D108A
:109720009D4238BF1D46530527D52946FFF752FFF6
:10973000064660B34A462169FFF7D3FEA38923F4A6
:10974000906343F08003A38126614E4426603E4629
:109750006561A5EB0905A560BE4200D93E463246CB
:109760004146206800F0F3FC0020A3689B1BA36027
:10977000236833442360BDE8F0872A4600F042FDA9
:1097800006460028E0D150462169FFF7B9FE0C23B8
:10979000CAF80030A3894FF0FF3043F04003A381A3
:1097A000E9E700002DE9F04F98468B8907461B0634
:1097B0000D4614469DB010D50B6973B94021FFF7D3
:1097C00009FF2860286130B90C233B604FF0FF305F
:1097D0001DB0BDE8F08F40236B6100230993202367
:1097E0008DF8293030234FF00109CDF80C80DFF8D7
:1097F00098818DF82A3023469A4613F8012B0AB136
:10980000252AF9D1BAEB040B0BD05B462246294638
:109810003846FFF76BFF013000F0A780099A5A44E1
:1098200009929AF80030002B00F09F8000234FF03F
:10983000FF32CDE905230AF1010A049307938DF85D
:1098400053301A935446052214F8011B4E4800F079
:10985000CBFC049AD8B9D00644BF20238DF85330EE
:10986000110744BF2B238DF853309AF800302A2B70
:1098700015D0544600204FF00A0C079A214611F8E3
:10988000013B303B092B4BD9B0B1079214E0A0EB60
:10989000080309FA03F31343A2460493D2E7039B98
:1098A000191D1B680391002BBBBF5B4242F00202F3
:1098B00007930793B8BF049223782E2B0AD16378BD
:1098C0002A2B32D1039B02341A1D1B68039243EAF0
:1098D000E3730593DFF8B4A003225046217800F02B
:1098E00083FC38B14022049BA0EB0A008240134362
:1098F0000134049314F8011B062225488DF8281022
:1099000000F072FC002836D0224B1BBB039B0733B0
:1099100023F0070308330393099B334409936AE751
:109920000C4601200CFB0232A8E700234FF00A0C82
:10993000194601340593204610F8012B303A092AC4
:1099400003D9002BC6D00591C4E7044601230CFBC4
:109950000121F0E703AB00932A4638460E4B04A9D9
:10996000AFF30080421C0646D6D1AB895B063FF5BB
:109970002DAF09982CE703AB00932A463846064BD7
:1099800004A900F0BDF9EDE7D6AB0008DCAB000898
:10999000E0AB000800000000ED960008936810B4EA
:1099A000013B002B936007DA9469A34201DB0A298B
:1099B00002D110BCFFF718BC1368581C1060197056
:1099C000084610BC7047F8B506460F461446D51831
:1099D000AC4201D1002007E03A46304614F8011BA2
:1099E000FFF7DCFF431CF3D1F8BD00002DE9F04F79
:1099F0000D461446984606469DB018B1036A0BB949
:109A0000FFF796FA6B6ED90705D4AB899A0502D495
:109A1000A86DFFF764FDAB891B0701D52B699BB9C6
:109A200029463046FFF71EFC70B16B6EDC0704D58B
:109A30004FF0FF301DB0BDE8F08FAB899805F7D42B
:109A4000A86DFFF74DFDF3E70023099320238DF860
:109A5000293030234FF00109CDF80C80DFF8A881C0
:109A60008DF82A3023469A4613F8012B0AB1252A8D
:109A7000F9D1BAEB040B0BD05B462246294630469F
:109A8000FFF7A1FF013000F0A780099A5A4409921C
:109A90009AF80030002B00F09F8000234FF0FF3237
:109AA000CDE905230AF1010A049307938DF8533099
:109AB0001A935446052214F8011B534800F094FBF6
:109AC000049AD8B9D10644BF20238DF85330130728
:109AD00044BF2B238DF853309AF800302A2B15D031
:109AE000544600204FF00A0C079A214611F8013B1A
:109AF000303B092B4BD9B0B1079214E0A0EB08031F
:109B000009FA03F31343A2460493D2E7039B191DFA
:109B10001B680391002BBBBF5B4242F0020207931C
:109B20000793B8BF049223782E2B0AD163782A2B8F
:109B300032D1039B02341A1D1B68039243EAE3737C
:109B40000593DFF8C8A003225046217800F04CFBB3
:109B500038B14022049BA0EB0A0082401343013439
:109B6000049314F8011B062229488DF8281000F0F0
:109B70003BFB00283FD0274B1BBB039B073323F045
:109B8000070308330393099B3B4409936AE70C4698
:109B900001200CFB0232A8E700234FF00A0C194603
:109BA00001340593204610F8012B303A092A03D9D5
:109BB000002BC6D00591C4E7044601230CFB01210C
:109BC000F0E703AB00932A463046134B04A9AFF3EA
:109BD00000800746781CD6D16B6ED90705D4AB89B7
:109BE0009A0502D4A86DFFF77BFCAB895B063FF5B5
:109BF0001FAF09981EE703AB00932A463046064B79
:109C000004A900F07DF8E4E7D6AB0008DCAB00085F
:109C1000E0AB000800000000C79900082DE9F047FC
:109C2000164698468A680B6907469342B8BF1346A2
:109C3000336091F843200C46DDF820900AB10133DF
:109C400033602368990642BF336802333360256866
:109C500015F0060506D104F1190AE36832689B1A6B
:109C6000AB422BDC94F843302268003B18BF012341
:109C7000920630D44146384604F14302C8470130C9
:109C800023D02368226903F00603042B14BF0025A8
:109C900033684FF0000608BFE56804F11A0408BFF6
:109CA000ED1A54F8123C08BF25EAE5759342C4BF8B
:109CB0009B1AED18B5421AD1002008E00123524644
:109CC00041463846C847013003D14FF0FF30BDE868
:109CD000F0870135C1E73020E11881F843005A1CB4
:109CE00094F845102244023382F84310C2E701235E
:109CF000224641463846C8470130E6D00136D9E70A
:109D00002DE9FF470F7E9146782F80460C469A46F4
:109D10000C9E01F1430207D8622F0AD8002F00F0F1
:109D2000D180582F00F0B88004F1420684F84270C8
:109D30003AE0A7F16303152BF6D801A151F823F0FF
:109D4000999D0008AD9D0008299D0008299D0008E7
:109D5000299D0008299D0008AD9D0008299D000847
:109D6000299D0008299D0008299D0008AB9E000838
:109D7000D79D0008659E0008299D0008299D0008C0
:109D8000CD9E0008299D0008D79D0008299D000848
:109D9000299D00086D9E000833681A1D1B683260FB
:109DA00004F1420684F8423001239CE033682068C5
:109DB000191D3160060601D51D6803E04506FBD577
:109DC000B3F90050002D03DA2D236D4284F843309F
:109DD0000A23584811E021683368080653F8045BE9
:109DE00002D4490648BFADB26F2F336014BF0A23B7
:109DF00008235048002184F843106668002EA660AE
:109E000005DB21682E4321F0040121604BD016466A
:109E1000B5FBF3F103FB1157C75D06F8017D2F4633
:109E2000BB420D46F4D9082B0BD12368DF0708D5B8
:109E3000236961689942DEBF302306F8013C06F1D0
:109E4000FF36921B22614B4621464046CDF800A0CA
:109E500003AAFFF7E3FE01304AD14FF0FF3004B010
:109E6000BDE8F087236843F0200323607827324859
:109E700084F84570236831681F0651F8045B02D4EA
:109E80005F0648BFADB23160D90744BF43F020033D
:109E900023601DB11023ADE72648E9E7236823F0CE
:109EA00020032360F6E71646BDE733682568181DD2
:109EB000616930602E061B6801D5196002E06806F2
:109EC000FBD51980002316462361BCE733680021C7
:109ED0001A1D32601E686268304600F085F908B1CC
:109EE000801B606063682361002384F84330AAE725
:109EF0003246494640462369D0470130ADD02368F9
:109F00009B0713D4E068039B9842B8BF1846A6E7A6
:109F10000123324649464046D04701309DD00135A5
:109F2000E36803995B1AAB42F2DCEBE7002504F12E
:109F30001906F5E7E7AB0008F8AB0008B1F90C200B
:109F4000F8B5160705460C4654D44B68002B02DCC6
:109F50000B6C002B48DDE66A002E45D0002312F47E
:109F600080522F68216A2B6030D0626DA389590717
:109F700005D56368D21A636B0BB1236CD21A002328
:109F80002846E66A216AB047431CA38906D129689E
:109F90001D292BD8284ACA40D60727D5002262603F
:109FA0002269D904226004D5421C01D12B6803B96F
:109FB0006065616B2F60B9B104F14403994202D02E
:109FC0002846FFF79DFA002363630DE0012328462E
:109FD000B0470246501CC9D12B68002BC6D01D2BA0
:109FE00001D0162B1DD12F60002021E043F040034B
:109FF0001BB21AE00F69002FF6D0930718BF002399
:10A000000E6808BF4B69F61B0F608B60002EEBDDFE
:10A0100033463A462846216AD4F828C0E04700284B
:10A0200007DCB4F90C3043F040034FF0FF30A3815C
:10A03000F8BD0744361AE9E70100402038B50B693E
:10A0400005460C4613B90025284638BD18B1036AE9
:10A050000BB9FEF76DFFB4F90C30002BF3D0626E34
:10A06000D00704D4990502D4A06DFFF738FA28462A
:10A070002146FFF763FF636E0546DA07E4D4A38940
:10A080009B05E1D4A06DFFF72BFADDE770B50C4618
:10A09000B1F90E10154600291E4696B00CDAA389B8
:10A0A000002113F0800F14BF40234FF48063002081
:10A0B00031602B6016B070BD6A4600F063F800286E
:10A0C000EDDB019901F47041A1F50053594259416A
:10A0D0004FF48063EBE78B89F7B59D0706460C4686
:10A0E00007D504F14703236023610123636103B0B3
:10A0F000F0BD6A4601ABFFF7C9FF009F0546394630
:10A100003046FFF767FA48B9B4F90C309A05EED437
:10A1100023F0030343F00203A381E2E7A389C4E928
:10A12000040743F08003A381019B20605BB13046AC
:10A13000B4F90E1000F038F828B1A38923F0030316
:10A1400043F00103A381A3891D43A581CFE7884282
:10A1500010B501EB020402D98442234607D8431EFE
:10A16000A14208D011F8012B03F8012FF8E70146AE
:10A1700002448A4200D110BD13F8014D02F8014D8E
:10A18000F7E7000038B50023064D0446084611469F
:10A190002B60F8F7F5FF431C02D12B6803B1236055
:10A1A00038BD00BF7C47002038B50023054D04466C
:10A1B00008462B60F8F7F3FF431C02D12B6803B16C
:10A1C000236038BD7C47002038B50023054D044688
:10A1D00008462B60F8F7FAFF431C02D12B6803B145
:10A1E000236038BD7C470020034610B5C9B2024445
:10A1F0009342184601D1002003E0047801338C42D9
:10A20000F6D110BD2DE9F041074614460D4621B99F
:10A210001146BDE8F041FFF7DDB92AB9FFF770F943
:10A2200025462846BDE8F08100F01AF8844206462B
:10A2300002D8B4EB500FF4D821463846FFF7CAF9DC
:10A24000804608B94546ECE7B4422246294628BF75
:10A250003246FFF746F929463846FFF751F9F1E74C
:10A2600051F8043C181F002BBCBF0B58C018704796
:10A27000F8B500BFF8BC08BC9E467047F8B500BFF3
:08A28000F8BC08BC9E467047C3
:10A288000D0000003D3D3D3D3D3D3D3D3D3D3D3DDD
:10A298003D3D3D3D3D3D3D3D3D3D3D3D3D3D3D3DE6
:10A2A8003D3D3D3D3D3D3D3D3D3D3D3D3D3D3D3DD6
:10A2B8003D3D3D3D0D0000002020536563757265EE
:10A2C8002047617465776179204145532D53544D7A
:10A2D800333220E2809420446562756720436F6EB4
:10A2E800736F6C650D00000020204275696C643A3C
:10A2F800204D617920313820323032362032323ADE
:10A3080035343A30300D00005B25366C752E25301B
:10A31800336C755D5B25735D200000002573257324
:10A32800000000004F4B00006261645F6E65787446
:10A338005F707472000000007278737461745F65F6
:10A3480072726F7200000000746F6F5F6C6F6E67DF
:10A3580000000000657863656564735F64756D6D02
:10A3680079000000444D415F73746172745F6661E7
:10A37800696C0000444D415F74696D656F757400C8
:10A3880045504B54434E543D30000000756E6B6E83
:10A398006F776E00707265765F74785F737475633B
:10A3A8006B0000005350495F4253595F74696D65F3
:10A3B8006F75740054585F61626F727465642865C4
:10A3C800727261746129000054585F74696D656F19
:10A3D8007574000072657472795F65786861757369
:10A3E800746564006C656E6774685F696E76616C2D
:10A3F80069640000256C752E256C752E256C752EEC
:10A40800256C75000D0A5B25366C752E2530336C6E
:10A41800755D5B535441545D20E29480E29480E280
:10A428009480E29480E29480E29480E29480E294C2
:10A4380080E29480E29480E29480E29480E29480C6
:10A44800E29480E29480E29480E29480E29480E254
:10A458009480E29480E29480E29480E29480E29492
:10A4680080E29480E29480E29480E29480E2948096
:10A47800E29480E29480E29480E29480E294800DF9
:10A488000A0000005550202000000000444F574E9D
:10A498000000000020204C696E6B20203A20646583
:10A4A80076313D25732020646576323D25730D0A8B
:10A4B8000000000020205258202020203A20646507
:10A4C80076313D252D366C752020646576323D2524
:10A4D8002D366C750D0A00002020545820202020AD
:10A4E8003A20646576313D252D366C7520206465EB
:10A4F80076323D252D366C750D0A00002020445219
:10A508004F5020203A20252D366C750D0A0000008A
:10A5180020204152502020203A20746F74616C3DF5
:10A52800252D346C752020646576313D252D346CDD
:10A53800752020646576323D252D346C750D0A0032
:10A54800202049434D5020203A20746F74616C3D9F
:10A55800252D346C752020646576313D252D346CAD
:10A56800752020646576323D252D346C750D0A0002
:10A578005245510052455000202041525031202070
:10A588003A206F703D2573202073656E6465723DB7
:10A598000000000020207461726765743D000000AF
:10A5A80020204152503220203A206F703D257320E0
:10A5B8002073656E6465723D0000000020204452DF
:10A5C800562052583A206C6173745F6E6578745FD8
:10A5D8007074723D30782530346C5820206C61736B
:10A5E800745F6C656E3D256C75202072787374619C
:10A5F800743D30782530346C580D0A0020204452C0
:10A60800562052583A206C6173745F6661696C3DDC
:10A61800256C7520282573290D0A00002020445236
:10A62800562054583A2061626F7274733D256C75D8
:10A63800202074696D656F7574733D256C752020D5
:10A648006C6173745F6661696C3D256C75202825A3
:10A6580073290D0A000000002020506F6F6C202025
:10A668003A20667265653D25752F25750D0A00002F
:10A678005B25366C752E2530336C755D5B53544104
:10A68800545D20E29480E29480E29480E29480E237
:10A698009480E29480E29480E29480E29480E29450
:10A6A80080E29480E29480E29480E29480E2948054
:10A6B800E29480E29480E29480E29480E29480E2E2
:10A6C8009480E29480E29480E29480E29480E29420
:10A6D80080E29480E29480E29480E29480E2948024
:10A6E800E29480E29480E294800D0A0D0A00000052
:10A6F80064657625753A2062756666657220706FA6
:10A708006F6C20454D50545920E28094207061634D
:10A718006B65742064726F70706564005741524EA7
:10A728000000000064657625753A20626164205255
:10A7380058206C656E6774683D257520286D696EB4
:10A748003D2575206D61783D25752920E28094208E
:10A7580064726F707065640064657625753A20527E
:10A76800582071756575652046554C4C20E28094DB
:10A77800207061636B6574206C656E3D257520647F
:10A78800726F707065640000454E4332384A363047
:10A7980020233120696E69742E2E2E00494E464FB3
:10A7A80000000000454E4332384A3630202331201D
:10A7B800696E6974204641494C2028617474656D3E
:10A7C8007074202575292C207265747279696E67FA
:10A7D8002E2E2E00454E4332384A36302023312063
:10A7E800696E6974204F4B20284552455649443DAF
:10A7F80025752900454E4332384A36302023322009
:10A80800696E69742E2E2E00454E4332384A363012
:10A8180020233220696E6974204641494C20286102
:10A828007474656D7074202575292C207265747296
:10A8380079696E672E2E2E00454E4332384A3630DF
:10A8480020233220696E6974204F4B2028455245D9
:10A858005649443D25752900427566666572207023
:10A868006F6F6C20696E6974204F4B202825752006
:10A87800736C6F7473207820257520627974657302
:10A888002900000006000000040000001C3F002012
:10A89800343F00200200000004000000803F002038
:10A8A800883F00200200000004000000D43F002080
:10A8B800DC3F002064656661756C745461736B00DD
:10A8C800BCA800084D210008FEFF000000000000A1
:10A8D8008000000000000000000000007652585F71
:10A8E800535049315F5461736B000000E4A80008BD
:10A8F8005D210008020000000000000000010000C7
:10A90800E4200020E42400207652585F5350493256
:10A918005F5461736B00000010A900082D22000825
:10A92800020000000000000000010000982500203F
:10A93800982900207654585F535049315F54617309
:10A948006B0000003CA90008FD220008010000007F
:10A9580000000000000100004C2A00204C2E0020BE
:10A96800765061636B65745F50726F63657373696A
:10A978006E675F5461736B0068A90008B92300080B
:10A98800000000000000000000020000002F00206E
:10A99800003700207648656172626561745F5461B2
:10A9A800736B00009CA9000805290008FEFF000041
:10A9B8000000000080000000B4370020B4390020F7
:10A9C8007654585F535049325F5461736B000000EE
:10A9D800C8A90008292B0008010000000000000099
:10A9E80000010000683A0020683E00206465763166
:10A9F800205458204641494C206C656E3D257520F1
:10AA0800726561736F6E3D256C750000455252206A
:10AA18000000000064726F703A2055445020706145
:10AA2800796C6F6164206F6F72206F66663D257563
:10AA3800206C656E3D2575207372633D2575000099
:10AA480064726F703A206B6579206E6F7420666F40
:10AA5800756E64207372635F69703D25752E257568
:10AA68002E25752E2575000064726F703A20545893
:10AA780025752071756575652066756C6C206C652B
:10AA88006E3D257500000000496E697420636F6D86
:10AA9800706C65746520E2809420737461727469C7
:10AAA8006E6720616C6C207461736B73000000002A
:10AAB80055500000444F574E000000006465763141
:10AAC800204C494E4B202573000000006465763108
:10AAD800206C696E6B20646F776E20347320E2807F
:10AAE80094207265696E697469616C697A696E67C8
:10AAF8002E2E2E0064657631207265696E69742089
:10AB08004F4B000064657631207265696E69742068
:10AB18004641494C0000000064657632204C494E9D
:10AB28004B2025730000000064657632206C696E46
:10AB38006B20646F776E20347320E28094207265F6
:10AB4800696E697469616C697A696E672E2E2E0068
:10AB580064657632207265696E6974204F4B000017
:10AB680064657632207265696E6974204641494C85
:10AB78000000000049444C4500000000C0A8050240
:10AB8800000102030405060708090A0B0C0D0E0F45
:10AB9800C0A8050A00102030405060708090A0B016
:10ABA800C0D0E0F000000000000000000102030433
:10ABB8000607080900000000010203040203040557
:10ABC800060708090A0B0C0D0E0F10100102232DA1
:10ABD800302B2000686C4C0065666745464700309E
:10ABE80031323334353637383941424344454600EB
:10ABF80030313233343536373839616263646566EB
:04AC08000000000048
:04AC0C003501000806
:04AC10001101000826
:10AC1400D41E00200008014010000000000801407C
:10AC24000400FF002C1F0020000C01400010000055
:10AC3400000801400800FF000200000000010000BD
:10AC4400020000000002FFFF00127A001000000062
:10AC540001000000AAAAAAAA000000000300000044
:10AC6400404600205800002000000000404600201C
:10AC7400A84600201047002000000000000000004B
:10AC840000000000000000000000000000000000C0
:10AC940000000000000000000000000000000000B0
:10ACA40000000000000000000000000000000000A0
:04ACB400000000009C
:040000050800324578
:00000001FF
